Extracted_At,Month,Day,Date,Time,Status
2025-09-16 14:40 UTC,,,,,Unknown
2025-09-16 14:40 UTC,,,,,Unknown
2025-09-16 14:40 UTC,,,,,Unknown
2025-09-16 14:40 UTC,,,,,Unknown
2025-09-16 14:40 UTC,,,,,Unknown
2025-09-16 14:40 UTC,,,,,Unknown
2025-09-16 14:40 UTC,,,,,Unknown
2025-09-16 14:40 UTC,,,,,Unknown
2025-09-16 14:40 UTC,,,,,Unknown
2025-09-16 14:40 UTC,,,,,Unknown
2025-09-16 14:40 UTC,,,,,Unknown
2025-09-16 14:40 UTC,,,,,Unknown
2025-09-16 14:40 UTC,October,Monday,13,12:00 AM,Unknown
2025-09-16 14:40 UTC,October,Monday,13,12:00 AM,Unknown
2025-09-16 14:40 UTC,October,Monday,13,12:00 AM,Unknown
2025-09-16 14:40 UTC,,,,,Unknown
2025-09-16 14:40 UTC,,,,,Unknown
2025-09-16 14:40 UTC,,,,,Unknown
2025-09-16 14:40 UTC,,,,,Unknown
2025-09-16 14:40 UTC,,,,,Unknown
2025-09-16 14:40 UTC,,,,,Unknown
2025-09-16 14:40 UTC,,,,,Unknown
2025-09-16 14:40 UTC,,,,,Unknown
2025-09-16 14:40 UTC,,,,,Unknown
2025-09-16 14:40 UTC,,,,,Unknown
2025-09-16 14:40 UTC,,,,,Unknown
2025-09-16 14:40 UTC,,,,,Unknown
2025-09-16 14:40 UTC,October,Monday,13,12:00 AM,Unknown
2025-09-16 14:40 UTC,October,Monday,13,12:00 AM,Unknown
2025-09-16 14:40 UTC,October,Monday,13,12:00 AM,Unknown
