Extracted_At,Month,Day,Date,Time,Status,Raw
2025-09-17 07:11 UTC,Signed,,88,,Unknown,Signed in as najam.capricon88@gmail.com Sign out Your settings Help
2025-09-17 07:11 UTC,Schedule,,20,,Available,"Schedule for National visa for WORK
NOTICE : Appointment reservations made with an invalid decree number (Apofasi), Greek Employer's Name and/or passport number entry (such as ""Nil"", ""abc"", ""xyz"", etc.) 
are automatically cancelled.
  An Example of a correct decree number (Apofasi) : (ΑΜXXXXX) 2025/XXXXX , where X are digits from 0 to 9.
  ΣΗΜΕΙΩΣΗ : Κρατήσεις με στοιχεία που δεν είναι σωστά ακυρώνονται
Successfully logged in
Available
Availability for National visa for WORK
Searched upto 2025-10-14 (look further)"
2025-09-17 07:11 UTC,Schedule,,20,,Unknown,"Schedule for National visa for WORK
NOTICE : Appointment reservations made with an invalid decree number (Apofasi), Greek Employer's Name and/or passport number entry (such as ""Nil"", ""abc"", ""xyz"", etc.) 
are automatically cancelled.
  An Example of a correct decree number (Apofasi) : (ΑΜXXXXX) 2025/XXXXX , where X are digits from 0 to 9.
  ΣΗΜΕΙΩΣΗ : Κρατήσεις με στοιχεία που δεν είναι σωστά ακυρώνονται
Successfully logged in"
2025-09-17 07:11 UTC,NOTICE,,20,,Unknown,"NOTICE : Appointment reservations made with an invalid decree number (Apofasi), Greek Employer's Name and/or passport number entry (such as ""Nil"", ""abc"", ""xyz"", etc.) 
are automatically cancelled.
  An Example of a correct decree number (Apofasi) : (ΑΜXXXXX) 2025/XXXXX , where X are digits from 0 to 9.
  ΣΗΜΕΙΩΣΗ : Κρατήσεις με στοιχεία που δεν είναι σωστά ακυρώνονται
Successfully logged in"
2025-09-17 07:11 UTC,NOTICE,,20,,Unknown,"NOTICE : Appointment reservations made with an invalid decree number (Apofasi), Greek Employer's Name and/or passport number entry (such as ""Nil"", ""abc"", ""xyz"", etc.) 
are automatically cancelled.
  An Example of a correct decree number (Apofasi) : (ΑΜXXXXX) 2025/XXXXX , where X are digits from 0 to 9.
  ΣΗΜΕΙΩΣΗ : Κρατήσεις με στοιχεία που δεν είναι σωστά ακυρώνονται"
2025-09-17 07:11 UTC,NOTICE,,,,Unknown,"NOTICE : Appointment reservations made with an invalid decree number (Apofasi), Greek Employer's Name and/or passport number entry (such as ""Nil"", ""abc"", ""xyz"", etc.)"
2025-09-17 07:11 UTC,are,,,,Unknown,are automatically cancelled.
2025-09-17 07:11 UTC,An,,20,,Unknown,"An Example of a correct decree number (Apofasi) : (ΑΜXXXXX) 2025/XXXXX , where X are digits from 0 to 9."
2025-09-17 07:11 UTC,ΣΗΜΕΙΩΣΗ,,,,Unknown,ΣΗΜΕΙΩΣΗ : Κρατήσεις με στοιχεία που δεν είναι σωστά ακυρώνονται
2025-09-17 07:11 UTC,Available,,,,Available,Available
2025-09-17 07:11 UTC,Available,,,,Available,Available
2025-09-17 07:11 UTC,Available,,,,Available,Available
2025-09-17 07:11 UTC,Availability,,20,,Unknown,"Availability for National visa for WORK
Searched upto 2025-10-14 (look further)"
2025-09-17 07:11 UTC,Availability,,20,,Unknown,"Availability for National visa for WORK
Searched upto 2025-10-14 (look further)"
2025-09-17 07:11 UTC,Availability,,20,,Unknown,"Availability for National visa for WORK
Searched upto 2025-10-14 (look further)"
2025-09-17 07:20 UTC,,,,,Unknown,are automatically cancelled.
2025-09-17 07:20 UTC,,,,,Unknown,"An Example of a correct decree number (Apofasi) : (ΑΜXXXXX) 2025/XXXXX , where X are digits from 0 to 9."
2025-09-17 07:20 UTC,,,,,Available,Available
2025-09-17 07:20 UTC,,,,,Available,Available
2025-09-17 07:20 UTC,,,,,Available,Available
2025-09-17 07:20 UTC,,,2025-10-14,,Unknown,"Availability for National visa for WORK
Searched upto 2025-10-14 (look further)"
2025-09-17 07:20 UTC,,,2025-10-14,,Unknown,"Availability for National visa for WORK
Searched upto 2025-10-14 (look further)"
2025-09-17 07:20 UTC,,,2025-10-14,,Unknown,"Availability for National visa for WORK
Searched upto 2025-10-14 (look further)"
2025-09-18 08:29 UTC,"+28
1","+28
1",SUN,9:00 − 9:05,Available,Month
2025-09-18 08:29 UTC,"+28
1","+28
1",SUN,9:05 − 9:10,Available,Month
2025-09-18 08:29 UTC,"+28
1","+28
1",SUN,9:10 − 9:15,Available,Month
2025-09-18 08:29 UTC,"+28
1","+28
1",SUN,9:15 − 9:20,Available,Month
2025-09-18 08:29 UTC,"+28
1","+28
1",SUN,9:20 − 9:25,Available,Month
2025-09-18 08:29 UTC,"+28
1","+28
1",SUN,9:25 − 9:30,Available,Month
2025-09-18 08:29 UTC,"+28
1","+28
1",SUN,9:30 − 9:35,Available,Month
2025-09-18 08:29 UTC,"+28
1","+28
1",SUN,9:35 − 9:40,Available,Month
2025-09-18 08:29 UTC,"+28
1","+28
1",SUN,9:40 − 9:45,Available,Month
2025-09-18 08:29 UTC,"+28
1","+28
1",SUN,9:45 − 9:50,Available,Month
2025-09-18 08:29 UTC,"+28
1","+28
1",SUN,9:50 − 9:55,Available,Month
2025-09-18 08:29 UTC,"+28
1","+28
1",SUN,9:55 − 10:00,Available,Month
2025-09-18 08:29 UTC,"+28
1","+28
1",SUN,10:00 − 10:05,Available,Month
2025-09-18 08:29 UTC,"+28
1","+28
1",SUN,10:05 − 10:10,Available,Month
2025-09-18 08:29 UTC,"+28
1","+28
1",SUN,10:10 − 10:15,Available,Month
2025-09-18 08:29 UTC,"+28
1","+28
1",SUN,10:15 − 10:20,Available,Month
2025-09-18 08:29 UTC,"+28
1","+28
1",SUN,10:20 − 10:25,Available,Month
2025-09-18 08:29 UTC,"+28
1","+28
1",SUN,10:25 − 10:30,Available,Month
2025-09-18 08:29 UTC,"+28
1","+28
1",SUN,10:30 − 10:35,Available,Month
2025-09-18 08:29 UTC,"+28
1","+28
1",SUN,10:35 − 10:40,Available,Month
2025-09-18 08:29 UTC,"+28
1","+28
1",SUN,10:40 − 10:45,Available,Month
2025-09-18 08:29 UTC,"+28
1","+28
1",SUN,10:45 − 10:50,Available,Month
2025-09-18 08:29 UTC,"+28
1","+28
1",SUN,10:50 − 10:55,Available,Month
2025-09-18 08:29 UTC,"+28
1","+28
1",SUN,10:55 − 11:00,Available,Month
2025-09-18 08:29 UTC,"+28
1","+28
1",SUN,11:00 − 11:05,Available,Month
2025-09-18 08:29 UTC,"+28
1","+28
1",SUN,11:05 − 11:10,Available,Month
2025-09-18 08:29 UTC,"+28
1","+28
1",SUN,11:10 − 11:15,Available,Month
2025-09-18 08:29 UTC,"+28
1","+28
1",SUN,11:15 − 11:20,Available,Month
2025-09-18 08:29 UTC,"+28
1","+28
1",SUN,11:20 − 11:25,Available,Month
2025-09-18 08:29 UTC,"+28
1","+28
1",SUN,11:25 − 11:30,Available,Month
2025-09-18 08:29 UTC,"+28
1","+28
1",SUN,11:30 − 11:35,Available,Month
2025-09-18 08:29 UTC,"+28
1","+28
1",SUN,11:35 − 11:40,Available,Month
2025-09-18 08:29 UTC,"+28
1","+28
1",SUN,11:40 − 11:45,Available,Month
2025-09-18 08:29 UTC,"+28
1","+28
1",SUN,11:45 − 11:50,Available,Month
2025-09-18 08:29 UTC,"+28
1","+28
1",SUN,11:50 − 11:55,Available,Month
2025-09-18 08:29 UTC,"+28
1","+28
1",SUN,11:55 − 12:00,Available,Month
2025-09-18 08:29 UTC,"+28
2","+28
2",SUN,9:00 − 9:05,Available,Month
2025-09-18 08:29 UTC,"+28
2","+28
2",SUN,9:05 − 9:10,Available,Month
2025-09-18 08:29 UTC,"+28
2","+28
2",SUN,9:10 − 9:15,Available,Month
2025-09-18 08:29 UTC,"+28
2","+28
2",SUN,9:15 − 9:20,Available,Month
2025-09-18 08:29 UTC,"+28
2","+28
2",SUN,9:20 − 9:25,Available,Month
2025-09-18 08:29 UTC,"+28
2","+28
2",SUN,9:25 − 9:30,Available,Month
2025-09-18 08:29 UTC,"+28
2","+28
2",SUN,9:30 − 9:35,Available,Month
2025-09-18 08:29 UTC,"+28
2","+28
2",SUN,9:35 − 9:40,Available,Month
2025-09-18 08:29 UTC,"+28
2","+28
2",SUN,9:40 − 9:45,Available,Month
2025-09-18 08:29 UTC,"+28
2","+28
2",SUN,9:45 − 9:50,Available,Month
2025-09-18 08:29 UTC,"+28
2","+28
2",SUN,9:50 − 9:55,Available,Month
2025-09-18 08:29 UTC,"+28
2","+28
2",SUN,9:55 − 10:00,Available,Month
2025-09-18 08:29 UTC,"+28
2","+28
2",SUN,10:00 − 10:05,Available,Month
2025-09-18 08:29 UTC,"+28
2","+28
2",SUN,10:05 − 10:10,Available,Month
2025-09-18 08:29 UTC,"+28
2","+28
2",SUN,10:10 − 10:15,Available,Month
2025-09-18 08:29 UTC,"+28
2","+28
2",SUN,10:15 − 10:20,Available,Month
2025-09-18 08:29 UTC,"+28
2","+28
2",SUN,10:20 − 10:25,Available,Month
2025-09-18 08:29 UTC,"+28
2","+28
2",SUN,10:25 − 10:30,Available,Month
2025-09-18 08:29 UTC,"+28
2","+28
2",SUN,10:30 − 10:35,Available,Month
2025-09-18 08:29 UTC,"+28
2","+28
2",SUN,10:35 − 10:40,Available,Month
2025-09-18 08:29 UTC,"+28
2","+28
2",SUN,10:40 − 10:45,Available,Month
2025-09-18 08:29 UTC,"+28
2","+28
2",SUN,10:45 − 10:50,Available,Month
2025-09-18 08:29 UTC,"+28
2","+28
2",SUN,10:50 − 10:55,Available,Month
2025-09-18 08:29 UTC,"+28
2","+28
2",SUN,10:55 − 11:00,Available,Month
2025-09-18 08:29 UTC,"+28
2","+28
2",SUN,11:00 − 11:05,Available,Month
2025-09-18 08:29 UTC,"+28
2","+28
2",SUN,11:05 − 11:10,Available,Month
2025-09-18 08:29 UTC,"+28
2","+28
2",SUN,11:10 − 11:15,Available,Month
2025-09-18 08:29 UTC,"+28
2","+28
2",SUN,11:15 − 11:20,Available,Month
2025-09-18 08:29 UTC,"+28
2","+28
2",SUN,11:20 − 11:25,Available,Month
2025-09-18 08:29 UTC,"+28
2","+28
2",SUN,11:25 − 11:30,Available,Month
2025-09-18 08:29 UTC,"+28
2","+28
2",SUN,11:30 − 11:35,Available,Month
2025-09-18 08:29 UTC,"+28
2","+28
2",SUN,11:35 − 11:40,Available,Month
2025-09-18 08:29 UTC,"+28
2","+28
2",SUN,11:40 − 11:45,Available,Month
2025-09-18 08:29 UTC,"+28
2","+28
2",SUN,11:45 − 11:50,Available,Month
2025-09-18 08:29 UTC,"+28
2","+28
2",SUN,11:50 − 11:55,Available,Month
2025-09-18 08:29 UTC,"+28
2","+28
2",SUN,11:55 − 12:00,Available,Month
2025-09-18 08:29 UTC,"+28
3","+28
3",SUN,9:00 − 9:05,Available,Month
2025-09-18 08:29 UTC,"+28
3","+28
3",SUN,9:05 − 9:10,Available,Month
2025-09-18 08:29 UTC,"+28
3","+28
3",SUN,9:10 − 9:15,Available,Month
2025-09-18 08:29 UTC,"+28
3","+28
3",SUN,9:15 − 9:20,Available,Month
2025-09-18 08:29 UTC,"+28
3","+28
3",SUN,9:20 − 9:25,Available,Month
2025-09-18 08:29 UTC,"+28
3","+28
3",SUN,9:25 − 9:30,Available,Month
2025-09-18 08:29 UTC,"+28
3","+28
3",SUN,9:30 − 9:35,Available,Month
2025-09-18 08:29 UTC,"+28
3","+28
3",SUN,9:35 − 9:40,Available,Month
2025-09-18 08:29 UTC,"+28
3","+28
3",SUN,9:40 − 9:45,Available,Month
2025-09-18 08:29 UTC,"+28
3","+28
3",SUN,9:45 − 9:50,Available,Month
2025-09-18 08:29 UTC,"+28
3","+28
3",SUN,9:50 − 9:55,Available,Month
2025-09-18 08:29 UTC,"+28
3","+28
3",SUN,9:55 − 10:00,Available,Month
2025-09-18 08:29 UTC,"+28
3","+28
3",SUN,10:00 − 10:05,Available,Month
2025-09-18 08:29 UTC,"+28
3","+28
3",SUN,10:05 − 10:10,Available,Month
2025-09-18 08:29 UTC,"+28
3","+28
3",SUN,10:10 − 10:15,Available,Month
2025-09-18 08:29 UTC,"+28
3","+28
3",SUN,10:15 − 10:20,Available,Month
2025-09-18 08:29 UTC,"+28
3","+28
3",SUN,10:20 − 10:25,Available,Month
2025-09-18 08:29 UTC,"+28
3","+28
3",SUN,10:25 − 10:30,Available,Month
2025-09-18 08:29 UTC,"+28
3","+28
3",SUN,10:30 − 10:35,Available,Month
2025-09-18 08:29 UTC,"+28
3","+28
3",SUN,10:35 − 10:40,Available,Month
2025-09-18 08:29 UTC,"+28
3","+28
3",SUN,10:40 − 10:45,Available,Month
2025-09-18 08:29 UTC,"+28
3","+28
3",SUN,10:45 − 10:50,Available,Month
2025-09-18 08:29 UTC,"+28
3","+28
3",SUN,10:50 − 10:55,Available,Month
2025-09-18 08:29 UTC,"+28
3","+28
3",SUN,10:55 − 11:00,Available,Month
2025-09-18 08:29 UTC,"+28
3","+28
3",SUN,11:00 − 11:05,Available,Month
2025-09-18 08:29 UTC,"+28
3","+28
3",SUN,11:05 − 11:10,Available,Month
2025-09-18 08:29 UTC,"+28
3","+28
3",SUN,11:10 − 11:15,Available,Month
2025-09-18 08:29 UTC,"+28
3","+28
3",SUN,11:15 − 11:20,Available,Month
2025-09-18 08:29 UTC,"+28
3","+28
3",SUN,11:20 − 11:25,Available,Month
2025-09-18 08:29 UTC,"+28
3","+28
3",SUN,11:25 − 11:30,Available,Month
2025-09-18 08:29 UTC,"+28
3","+28
3",SUN,11:30 − 11:35,Available,Month
2025-09-18 08:29 UTC,"+28
3","+28
3",SUN,11:35 − 11:40,Available,Month
2025-09-18 08:29 UTC,"+28
3","+28
3",SUN,11:40 − 11:45,Available,Month
2025-09-18 08:29 UTC,"+28
3","+28
3",SUN,11:45 − 11:50,Available,Month
2025-09-18 08:29 UTC,"+28
3","+28
3",SUN,11:50 − 11:55,Available,Month
2025-09-18 08:29 UTC,"+28
3","+28
3",SUN,11:55 − 12:00,Available,Month
2025-09-18 08:29 UTC,"+28
4","+28
4",SUN,9:00 − 9:05,Available,Month
2025-09-18 08:29 UTC,"+28
4","+28
4",SUN,9:05 − 9:10,Available,Month
2025-09-18 08:29 UTC,"+28
4","+28
4",SUN,9:10 − 9:15,Available,Month
2025-09-18 08:29 UTC,"+28
4","+28
4",SUN,9:15 − 9:20,Available,Month
2025-09-18 08:29 UTC,"+28
4","+28
4",SUN,9:20 − 9:25,Available,Month
2025-09-18 08:29 UTC,"+28
4","+28
4",SUN,9:25 − 9:30,Available,Month
2025-09-18 08:29 UTC,"+28
4","+28
4",SUN,9:30 − 9:35,Available,Month
2025-09-18 08:29 UTC,"+28
4","+28
4",SUN,9:35 − 9:40,Available,Month
2025-09-18 08:29 UTC,"+28
4","+28
4",SUN,9:40 − 9:45,Available,Month
2025-09-18 08:29 UTC,"+28
4","+28
4",SUN,9:45 − 9:50,Available,Month
2025-09-18 08:29 UTC,"+28
4","+28
4",SUN,9:50 − 9:55,Available,Month
2025-09-18 08:29 UTC,"+28
4","+28
4",SUN,9:55 − 10:00,Available,Month
2025-09-18 08:29 UTC,"+28
4","+28
4",SUN,10:00 − 10:05,Available,Month
2025-09-18 08:29 UTC,"+28
4","+28
4",SUN,10:05 − 10:10,Available,Month
2025-09-18 08:29 UTC,"+28
4","+28
4",SUN,10:10 − 10:15,Available,Month
2025-09-18 08:29 UTC,"+28
4","+28
4",SUN,10:15 − 10:20,Available,Month
2025-09-18 08:29 UTC,"+28
4","+28
4",SUN,10:20 − 10:25,Available,Month
2025-09-18 08:29 UTC,"+28
4","+28
4",SUN,10:25 − 10:30,Available,Month
2025-09-18 08:29 UTC,"+28
4","+28
4",SUN,10:30 − 10:35,Available,Month
2025-09-18 08:29 UTC,"+28
4","+28
4",SUN,10:35 − 10:40,Available,Month
2025-09-18 08:29 UTC,"+28
4","+28
4",SUN,10:40 − 10:45,Available,Month
2025-09-18 08:29 UTC,"+28
4","+28
4",SUN,10:45 − 10:50,Available,Month
2025-09-18 08:29 UTC,"+28
4","+28
4",SUN,10:50 − 10:55,Available,Month
2025-09-18 08:29 UTC,"+28
4","+28
4",SUN,10:55 − 11:00,Available,Month
2025-09-18 08:29 UTC,"+28
4","+28
4",SUN,11:00 − 11:05,Available,Month
2025-09-18 08:29 UTC,"+28
4","+28
4",SUN,11:05 − 11:10,Available,Month
2025-09-18 08:29 UTC,"+28
4","+28
4",SUN,11:10 − 11:15,Available,Month
2025-09-18 08:29 UTC,"+28
4","+28
4",SUN,11:15 − 11:20,Available,Month
2025-09-18 08:29 UTC,"+28
4","+28
4",SUN,11:20 − 11:25,Available,Month
2025-09-18 08:29 UTC,"+28
4","+28
4",SUN,11:25 − 11:30,Available,Month
2025-09-18 08:29 UTC,"+28
4","+28
4",SUN,11:30 − 11:35,Available,Month
2025-09-18 08:29 UTC,"+28
4","+28
4",SUN,11:35 − 11:40,Available,Month
2025-09-18 08:29 UTC,"+28
4","+28
4",SUN,11:40 − 11:45,Available,Month
2025-09-18 08:29 UTC,"+28
4","+28
4",SUN,11:45 − 11:50,Available,Month
2025-09-18 08:29 UTC,"+28
4","+28
4",SUN,11:50 − 11:55,Available,Month
2025-09-18 08:29 UTC,"+28
4","+28
4",SUN,11:55 − 12:00,Available,Month
2025-09-18 08:29 UTC,"+28
8","+28
8",SUN,9:00 − 9:05,Available,Month
2025-09-18 08:29 UTC,"+28
8","+28
8",SUN,9:05 − 9:10,Available,Month
2025-09-18 08:29 UTC,"+28
8","+28
8",SUN,9:10 − 9:15,Available,Month
2025-09-18 08:29 UTC,"+28
8","+28
8",SUN,9:15 − 9:20,Available,Month
2025-09-18 08:29 UTC,"+28
8","+28
8",SUN,9:20 − 9:25,Available,Month
2025-09-18 08:29 UTC,"+28
8","+28
8",SUN,9:25 − 9:30,Available,Month
2025-09-18 08:29 UTC,"+28
8","+28
8",SUN,9:30 − 9:35,Available,Month
2025-09-18 08:29 UTC,"+28
8","+28
8",SUN,9:35 − 9:40,Available,Month
2025-09-18 08:29 UTC,"+28
8","+28
8",SUN,9:40 − 9:45,Available,Month
2025-09-18 08:29 UTC,"+28
8","+28
8",SUN,9:45 − 9:50,Available,Month
2025-09-18 08:29 UTC,"+28
8","+28
8",SUN,9:50 − 9:55,Available,Month
2025-09-18 08:29 UTC,"+28
8","+28
8",SUN,9:55 − 10:00,Available,Month
2025-09-18 08:29 UTC,"+28
8","+28
8",SUN,10:00 − 10:05,Available,Month
2025-09-18 08:29 UTC,"+28
8","+28
8",SUN,10:05 − 10:10,Available,Month
2025-09-18 08:29 UTC,"+28
8","+28
8",SUN,10:10 − 10:15,Available,Month
2025-09-18 08:29 UTC,"+28
8","+28
8",SUN,10:15 − 10:20,Available,Month
2025-09-18 08:29 UTC,"+28
8","+28
8",SUN,10:20 − 10:25,Available,Month
2025-09-18 08:29 UTC,"+28
8","+28
8",SUN,10:25 − 10:30,Available,Month
2025-09-18 08:29 UTC,"+28
8","+28
8",SUN,10:30 − 10:35,Available,Month
2025-09-18 08:29 UTC,"+28
8","+28
8",SUN,10:35 − 10:40,Available,Month
2025-09-18 08:29 UTC,"+28
8","+28
8",SUN,10:40 − 10:45,Available,Month
2025-09-18 08:29 UTC,"+28
8","+28
8",SUN,10:45 − 10:50,Available,Month
2025-09-18 08:29 UTC,"+28
8","+28
8",SUN,10:50 − 10:55,Available,Month
2025-09-18 08:29 UTC,"+28
8","+28
8",SUN,10:55 − 11:00,Available,Month
2025-09-18 08:29 UTC,"+28
8","+28
8",SUN,11:00 − 11:05,Available,Month
2025-09-18 08:29 UTC,"+28
8","+28
8",SUN,11:05 − 11:10,Available,Month
2025-09-18 08:29 UTC,"+28
8","+28
8",SUN,11:10 − 11:15,Available,Month
2025-09-18 08:29 UTC,"+28
8","+28
8",SUN,11:15 − 11:20,Available,Month
2025-09-18 08:29 UTC,"+28
8","+28
8",SUN,11:20 − 11:25,Available,Month
2025-09-18 08:29 UTC,"+28
8","+28
8",SUN,11:25 − 11:30,Available,Month
2025-09-18 08:29 UTC,"+28
8","+28
8",SUN,11:30 − 11:35,Available,Month
2025-09-18 08:29 UTC,"+28
8","+28
8",SUN,11:35 − 11:40,Available,Month
2025-09-18 08:29 UTC,"+28
8","+28
8",SUN,11:40 − 11:45,Available,Month
2025-09-18 08:29 UTC,"+28
8","+28
8",SUN,11:45 − 11:50,Available,Month
2025-09-18 08:29 UTC,"+28
8","+28
8",SUN,11:50 − 11:55,Available,Month
2025-09-18 08:29 UTC,"+28
8","+28
8",SUN,11:55 − 12:00,Available,Month
2025-09-18 08:29 UTC,"+28
9","+28
9",SUN,9:00 − 9:05,Available,Month
2025-09-18 08:29 UTC,"+28
9","+28
9",SUN,9:05 − 9:10,Available,Month
2025-09-18 08:29 UTC,"+28
9","+28
9",SUN,9:10 − 9:15,Available,Month
2025-09-18 08:29 UTC,"+28
9","+28
9",SUN,9:15 − 9:20,Available,Month
2025-09-18 08:29 UTC,"+28
9","+28
9",SUN,9:20 − 9:25,Available,Month
2025-09-18 08:29 UTC,"+28
9","+28
9",SUN,9:25 − 9:30,Available,Month
2025-09-18 08:29 UTC,"+28
9","+28
9",SUN,9:30 − 9:35,Available,Month
2025-09-18 08:29 UTC,"+28
9","+28
9",SUN,9:35 − 9:40,Available,Month
2025-09-18 08:29 UTC,"+28
9","+28
9",SUN,9:40 − 9:45,Available,Month
2025-09-18 08:29 UTC,"+28
9","+28
9",SUN,9:45 − 9:50,Available,Month
2025-09-18 08:29 UTC,"+28
9","+28
9",SUN,9:50 − 9:55,Available,Month
2025-09-18 08:29 UTC,"+28
9","+28
9",SUN,9:55 − 10:00,Available,Month
2025-09-18 08:29 UTC,"+28
9","+28
9",SUN,10:00 − 10:05,Available,Month
2025-09-18 08:29 UTC,"+28
9","+28
9",SUN,10:05 − 10:10,Available,Month
2025-09-18 08:29 UTC,"+28
9","+28
9",SUN,10:10 − 10:15,Available,Month
2025-09-18 08:29 UTC,"+28
9","+28
9",SUN,10:15 − 10:20,Available,Month
2025-09-18 08:29 UTC,"+28
9","+28
9",SUN,10:20 − 10:25,Available,Month
2025-09-18 08:29 UTC,"+28
9","+28
9",SUN,10:25 − 10:30,Available,Month
2025-09-18 08:29 UTC,"+28
9","+28
9",SUN,10:30 − 10:35,Available,Month
2025-09-18 08:29 UTC,"+28
9","+28
9",SUN,10:35 − 10:40,Available,Month
2025-09-18 08:29 UTC,"+28
9","+28
9",SUN,10:40 − 10:45,Available,Month
2025-09-18 08:29 UTC,"+28
9","+28
9",SUN,10:45 − 10:50,Available,Month
2025-09-18 08:29 UTC,"+28
9","+28
9",SUN,10:50 − 10:55,Available,Month
2025-09-18 08:29 UTC,"+28
9","+28
9",SUN,10:55 − 11:00,Available,Month
2025-09-18 08:29 UTC,"+28
9","+28
9",SUN,11:00 − 11:05,Available,Month
2025-09-18 08:29 UTC,"+28
9","+28
9",SUN,11:05 − 11:10,Available,Month
2025-09-18 08:29 UTC,"+28
9","+28
9",SUN,11:10 − 11:15,Available,Month
2025-09-18 08:29 UTC,"+28
9","+28
9",SUN,11:15 − 11:20,Available,Month
2025-09-18 08:29 UTC,"+28
9","+28
9",SUN,11:20 − 11:25,Available,Month
2025-09-18 08:29 UTC,"+28
9","+28
9",SUN,11:25 − 11:30,Available,Month
2025-09-18 08:29 UTC,"+28
9","+28
9",SUN,11:30 − 11:35,Available,Month
2025-09-18 08:29 UTC,"+28
9","+28
9",SUN,11:35 − 11:40,Available,Month
2025-09-18 08:29 UTC,"+28
9","+28
9",SUN,11:40 − 11:45,Available,Month
2025-09-18 08:29 UTC,"+28
9","+28
9",SUN,11:45 − 11:50,Available,Month
2025-09-18 08:29 UTC,"+28
9","+28
9",SUN,11:50 − 11:55,Available,Month
2025-09-18 08:29 UTC,"+28
9","+28
9",SUN,11:55 − 12:00,Available,Month
2025-09-18 08:29 UTC,"+28
10","+28
10",SUN,9:00 − 9:05,Available,Month
2025-09-18 08:29 UTC,"+28
10","+28
10",SUN,9:05 − 9:10,Available,Month
2025-09-18 08:29 UTC,"+28
10","+28
10",SUN,9:10 − 9:15,Available,Month
2025-09-18 08:29 UTC,"+28
10","+28
10",SUN,9:15 − 9:20,Available,Month
2025-09-18 08:29 UTC,"+28
10","+28
10",SUN,9:20 − 9:25,Available,Month
2025-09-18 08:29 UTC,"+28
10","+28
10",SUN,9:25 − 9:30,Available,Month
2025-09-18 08:29 UTC,"+28
10","+28
10",SUN,9:30 − 9:35,Available,Month
2025-09-18 08:29 UTC,"+28
10","+28
10",SUN,9:35 − 9:40,Available,Month
2025-09-18 08:29 UTC,"+28
10","+28
10",SUN,9:40 − 9:45,Available,Month
2025-09-18 08:29 UTC,"+28
10","+28
10",SUN,9:45 − 9:50,Available,Month
2025-09-18 08:29 UTC,"+28
10","+28
10",SUN,9:50 − 9:55,Available,Month
2025-09-18 08:29 UTC,"+28
10","+28
10",SUN,9:55 − 10:00,Available,Month
2025-09-18 08:29 UTC,"+28
10","+28
10",SUN,10:00 − 10:05,Available,Month
2025-09-18 08:29 UTC,"+28
10","+28
10",SUN,10:05 − 10:10,Available,Month
2025-09-18 08:29 UTC,"+28
10","+28
10",SUN,10:10 − 10:15,Available,Month
2025-09-18 08:29 UTC,"+28
10","+28
10",SUN,10:15 − 10:20,Available,Month
2025-09-18 08:29 UTC,"+28
10","+28
10",SUN,10:20 − 10:25,Available,Month
2025-09-18 08:29 UTC,"+28
10","+28
10",SUN,10:25 − 10:30,Available,Month
2025-09-18 08:29 UTC,"+28
10","+28
10",SUN,10:30 − 10:35,Available,Month
2025-09-18 08:29 UTC,"+28
10","+28
10",SUN,10:35 − 10:40,Available,Month
2025-09-18 08:29 UTC,"+28
10","+28
10",SUN,10:40 − 10:45,Available,Month
2025-09-18 08:29 UTC,"+28
10","+28
10",SUN,10:45 − 10:50,Available,Month
2025-09-18 08:29 UTC,"+28
10","+28
10",SUN,10:50 − 10:55,Available,Month
2025-09-18 08:29 UTC,"+28
10","+28
10",SUN,10:55 − 11:00,Available,Month
2025-09-18 08:29 UTC,"+28
10","+28
10",SUN,11:00 − 11:05,Available,Month
2025-09-18 08:29 UTC,"+28
10","+28
10",SUN,11:05 − 11:10,Available,Month
2025-09-18 08:29 UTC,"+28
10","+28
10",SUN,11:10 − 11:15,Available,Month
2025-09-18 08:29 UTC,"+28
10","+28
10",SUN,11:15 − 11:20,Available,Month
2025-09-18 08:29 UTC,"+28
10","+28
10",SUN,11:20 − 11:25,Available,Month
2025-09-18 08:29 UTC,"+28
10","+28
10",SUN,11:25 − 11:30,Available,Month
2025-09-18 08:29 UTC,"+28
10","+28
10",SUN,11:30 − 11:35,Available,Month
2025-09-18 08:29 UTC,"+28
10","+28
10",SUN,11:35 − 11:40,Available,Month
2025-09-18 08:29 UTC,"+28
10","+28
10",SUN,11:40 − 11:45,Available,Month
2025-09-18 08:29 UTC,"+28
10","+28
10",SUN,11:45 − 11:50,Available,Month
2025-09-18 08:29 UTC,"+28
10","+28
10",SUN,11:50 − 11:55,Available,Month
2025-09-18 08:29 UTC,"+28
10","+28
10",SUN,11:55 − 12:00,Available,Month
2025-09-18 08:29 UTC,"+28
11","+28
11",SUN,9:00 − 9:05,Available,Month
2025-09-18 08:29 UTC,"+28
11","+28
11",SUN,9:05 − 9:10,Available,Month
2025-09-18 08:29 UTC,"+28
11","+28
11",SUN,9:10 − 9:15,Available,Month
2025-09-18 08:29 UTC,"+28
11","+28
11",SUN,9:15 − 9:20,Available,Month
2025-09-18 08:29 UTC,"+28
11","+28
11",SUN,9:20 − 9:25,Available,Month
2025-09-18 08:29 UTC,"+28
11","+28
11",SUN,9:25 − 9:30,Available,Month
2025-09-18 08:29 UTC,"+28
11","+28
11",SUN,9:30 − 9:35,Available,Month
2025-09-18 08:29 UTC,"+28
11","+28
11",SUN,9:35 − 9:40,Available,Month
2025-09-18 08:29 UTC,"+28
11","+28
11",SUN,9:40 − 9:45,Available,Month
2025-09-18 08:29 UTC,"+28
11","+28
11",SUN,9:45 − 9:50,Available,Month
2025-09-18 08:29 UTC,"+28
11","+28
11",SUN,9:50 − 9:55,Available,Month
2025-09-18 08:29 UTC,"+28
11","+28
11",SUN,9:55 − 10:00,Available,Month
2025-09-18 08:29 UTC,"+28
11","+28
11",SUN,10:00 − 10:05,Available,Month
2025-09-18 08:29 UTC,"+28
11","+28
11",SUN,10:05 − 10:10,Available,Month
2025-09-18 08:29 UTC,"+28
11","+28
11",SUN,10:10 − 10:15,Available,Month
2025-09-18 08:29 UTC,"+28
11","+28
11",SUN,10:15 − 10:20,Available,Month
2025-09-18 08:29 UTC,"+28
11","+28
11",SUN,10:20 − 10:25,Available,Month
2025-09-18 08:29 UTC,"+28
11","+28
11",SUN,10:25 − 10:30,Available,Month
2025-09-18 08:29 UTC,"+28
11","+28
11",SUN,10:30 − 10:35,Available,Month
2025-09-18 08:29 UTC,"+28
11","+28
11",SUN,10:35 − 10:40,Available,Month
2025-09-18 08:29 UTC,"+28
11","+28
11",SUN,10:40 − 10:45,Available,Month
2025-09-18 08:29 UTC,"+28
11","+28
11",SUN,10:45 − 10:50,Available,Month
2025-09-18 08:29 UTC,"+28
11","+28
11",SUN,10:50 − 10:55,Available,Month
2025-09-18 08:29 UTC,"+28
11","+28
11",SUN,10:55 − 11:00,Available,Month
2025-09-18 08:29 UTC,"+28
11","+28
11",SUN,11:00 − 11:05,Available,Month
2025-09-18 08:29 UTC,"+28
11","+28
11",SUN,11:05 − 11:10,Available,Month
2025-09-18 08:29 UTC,"+28
11","+28
11",SUN,11:10 − 11:15,Available,Month
2025-09-18 08:29 UTC,"+28
11","+28
11",SUN,11:15 − 11:20,Available,Month
2025-09-18 08:29 UTC,"+28
11","+28
11",SUN,11:20 − 11:25,Available,Month
2025-09-18 08:29 UTC,"+28
11","+28
11",SUN,11:25 − 11:30,Available,Month
2025-09-18 08:29 UTC,"+28
11","+28
11",SUN,11:30 − 11:35,Available,Month
2025-09-18 08:29 UTC,"+28
11","+28
11",SUN,11:35 − 11:40,Available,Month
2025-09-18 08:29 UTC,"+28
11","+28
11",SUN,11:40 − 11:45,Available,Month
2025-09-18 08:29 UTC,"+28
11","+28
11",SUN,11:45 − 11:50,Available,Month
2025-09-18 08:29 UTC,"+28
11","+28
11",SUN,11:50 − 11:55,Available,Month
2025-09-18 08:29 UTC,"+28
11","+28
11",SUN,11:55 − 12:00,Available,Month
2025-09-18 08:29 UTC,"+28
15","+28
15",SUN,9:00 − 9:05,Available,Month
2025-09-18 08:29 UTC,"+28
15","+28
15",SUN,9:05 − 9:10,Available,Month
2025-09-18 08:29 UTC,"+28
15","+28
15",SUN,9:10 − 9:15,Available,Month
2025-09-18 08:29 UTC,"+28
15","+28
15",SUN,9:15 − 9:20,Available,Month
2025-09-18 08:29 UTC,"+28
15","+28
15",SUN,9:20 − 9:25,Available,Month
2025-09-18 08:29 UTC,"+28
15","+28
15",SUN,9:25 − 9:30,Available,Month
2025-09-18 08:29 UTC,"+28
15","+28
15",SUN,9:30 − 9:35,Available,Month
2025-09-18 08:29 UTC,"+28
15","+28
15",SUN,9:35 − 9:40,Available,Month
2025-09-18 08:29 UTC,"+28
15","+28
15",SUN,9:40 − 9:45,Available,Month
2025-09-18 08:29 UTC,"+28
15","+28
15",SUN,9:45 − 9:50,Available,Month
2025-09-18 08:29 UTC,"+28
15","+28
15",SUN,9:50 − 9:55,Available,Month
2025-09-18 08:29 UTC,"+28
15","+28
15",SUN,9:55 − 10:00,Available,Month
2025-09-18 08:29 UTC,"+28
15","+28
15",SUN,10:00 − 10:05,Available,Month
2025-09-18 08:29 UTC,"+28
15","+28
15",SUN,10:05 − 10:10,Available,Month
2025-09-18 08:29 UTC,"+28
15","+28
15",SUN,10:10 − 10:15,Available,Month
2025-09-18 08:29 UTC,"+28
15","+28
15",SUN,10:15 − 10:20,Available,Month
2025-09-18 08:29 UTC,"+28
15","+28
15",SUN,10:20 − 10:25,Available,Month
2025-09-18 08:29 UTC,"+28
15","+28
15",SUN,10:25 − 10:30,Available,Month
2025-09-18 08:29 UTC,"+28
15","+28
15",SUN,10:30 − 10:35,Available,Month
2025-09-18 08:29 UTC,"+28
15","+28
15",SUN,10:35 − 10:40,Available,Month
2025-09-18 08:29 UTC,"+28
15","+28
15",SUN,10:40 − 10:45,Available,Month
2025-09-18 08:29 UTC,"+28
15","+28
15",SUN,10:45 − 10:50,Available,Month
2025-09-18 08:29 UTC,"+28
15","+28
15",SUN,10:50 − 10:55,Available,Month
2025-09-18 08:29 UTC,"+28
15","+28
15",SUN,10:55 − 11:00,Available,Month
2025-09-18 08:29 UTC,"+28
15","+28
15",SUN,11:00 − 11:05,Available,Month
2025-09-18 08:29 UTC,"+28
15","+28
15",SUN,11:05 − 11:10,Available,Month
2025-09-18 08:29 UTC,"+28
15","+28
15",SUN,11:10 − 11:15,Available,Month
2025-09-18 08:29 UTC,"+28
15","+28
15",SUN,11:15 − 11:20,Available,Month
2025-09-18 08:29 UTC,"+28
15","+28
15",SUN,11:20 − 11:25,Available,Month
2025-09-18 08:29 UTC,"+28
15","+28
15",SUN,11:25 − 11:30,Available,Month
2025-09-18 08:29 UTC,"+28
15","+28
15",SUN,11:30 − 11:35,Available,Month
2025-09-18 08:29 UTC,"+28
15","+28
15",SUN,11:35 − 11:40,Available,Month
2025-09-18 08:29 UTC,"+28
15","+28
15",SUN,11:40 − 11:45,Available,Month
2025-09-18 08:29 UTC,"+28
15","+28
15",SUN,11:45 − 11:50,Available,Month
2025-09-18 08:29 UTC,"+28
15","+28
15",SUN,11:50 − 11:55,Available,Month
2025-09-18 08:29 UTC,"+28
15","+28
15",SUN,11:55 − 12:00,Available,Month
2025-09-18 08:29 UTC,"+28
16","+28
16",SUN,9:00 − 9:05,Available,Month
2025-09-18 08:29 UTC,"+28
16","+28
16",SUN,9:05 − 9:10,Available,Month
2025-09-18 08:29 UTC,"+28
16","+28
16",SUN,9:10 − 9:15,Available,Month
2025-09-18 08:29 UTC,"+28
16","+28
16",SUN,9:15 − 9:20,Available,Month
2025-09-18 08:29 UTC,"+28
16","+28
16",SUN,9:20 − 9:25,Available,Month
2025-09-18 08:29 UTC,"+28
16","+28
16",SUN,9:25 − 9:30,Available,Month
2025-09-18 08:29 UTC,"+28
16","+28
16",SUN,9:30 − 9:35,Available,Month
2025-09-18 08:29 UTC,"+28
16","+28
16",SUN,9:35 − 9:40,Available,Month
2025-09-18 08:29 UTC,"+28
16","+28
16",SUN,9:40 − 9:45,Available,Month
2025-09-18 08:29 UTC,"+28
16","+28
16",SUN,9:45 − 9:50,Available,Month
2025-09-18 08:29 UTC,"+28
16","+28
16",SUN,9:50 − 9:55,Available,Month
2025-09-18 08:29 UTC,"+28
16","+28
16",SUN,9:55 − 10:00,Available,Month
2025-09-18 08:29 UTC,"+28
16","+28
16",SUN,10:00 − 10:05,Available,Month
2025-09-18 08:29 UTC,"+28
16","+28
16",SUN,10:05 − 10:10,Available,Month
2025-09-18 08:29 UTC,"+28
16","+28
16",SUN,10:10 − 10:15,Available,Month
2025-09-18 08:29 UTC,"+28
16","+28
16",SUN,10:15 − 10:20,Available,Month
2025-09-18 08:29 UTC,"+28
16","+28
16",SUN,10:20 − 10:25,Available,Month
2025-09-18 08:29 UTC,"+28
16","+28
16",SUN,10:25 − 10:30,Available,Month
2025-09-18 08:29 UTC,"+28
16","+28
16",SUN,10:30 − 10:35,Available,Month
2025-09-18 08:29 UTC,"+28
16","+28
16",SUN,10:35 − 10:40,Available,Month
2025-09-18 08:29 UTC,"+28
16","+28
16",SUN,10:40 − 10:45,Available,Month
2025-09-18 08:29 UTC,"+28
16","+28
16",SUN,10:45 − 10:50,Available,Month
2025-09-18 08:29 UTC,"+28
16","+28
16",SUN,10:50 − 10:55,Available,Month
2025-09-18 08:29 UTC,"+28
16","+28
16",SUN,10:55 − 11:00,Available,Month
2025-09-18 08:29 UTC,"+28
16","+28
16",SUN,11:00 − 11:05,Available,Month
2025-09-18 08:29 UTC,"+28
16","+28
16",SUN,11:05 − 11:10,Available,Month
2025-09-18 08:29 UTC,"+28
16","+28
16",SUN,11:10 − 11:15,Available,Month
2025-09-18 08:29 UTC,"+28
16","+28
16",SUN,11:15 − 11:20,Available,Month
2025-09-18 08:29 UTC,"+28
16","+28
16",SUN,11:20 − 11:25,Available,Month
2025-09-18 08:29 UTC,"+28
16","+28
16",SUN,11:25 − 11:30,Available,Month
2025-09-18 08:29 UTC,"+28
16","+28
16",SUN,11:30 − 11:35,Available,Month
2025-09-18 08:29 UTC,"+28
16","+28
16",SUN,11:35 − 11:40,Available,Month
2025-09-18 08:29 UTC,"+28
16","+28
16",SUN,11:40 − 11:45,Available,Month
2025-09-18 08:29 UTC,"+28
16","+28
16",SUN,11:45 − 11:50,Available,Month
2025-09-18 08:29 UTC,"+28
16","+28
16",SUN,11:50 − 11:55,Available,Month
2025-09-18 08:29 UTC,"+28
16","+28
16",SUN,11:55 − 12:00,Available,Month
2025-09-18 08:29 UTC,"+28
17","+28
17",SUN,9:00 − 9:05,Available,Month
2025-09-18 08:29 UTC,"+28
17","+28
17",SUN,9:05 − 9:10,Available,Month
2025-09-18 08:29 UTC,"+28
17","+28
17",SUN,9:10 − 9:15,Available,Month
2025-09-18 08:29 UTC,"+28
17","+28
17",SUN,9:15 − 9:20,Available,Month
2025-09-18 08:29 UTC,"+28
17","+28
17",SUN,9:20 − 9:25,Available,Month
2025-09-18 08:29 UTC,"+28
17","+28
17",SUN,9:25 − 9:30,Available,Month
2025-09-18 08:29 UTC,"+28
17","+28
17",SUN,9:30 − 9:35,Available,Month
2025-09-18 08:29 UTC,"+28
17","+28
17",SUN,9:35 − 9:40,Available,Month
2025-09-18 08:29 UTC,"+28
17","+28
17",SUN,9:40 − 9:45,Available,Month
2025-09-18 08:29 UTC,"+28
17","+28
17",SUN,9:45 − 9:50,Available,Month
2025-09-18 08:29 UTC,"+28
17","+28
17",SUN,9:50 − 9:55,Available,Month
2025-09-18 08:29 UTC,"+28
17","+28
17",SUN,9:55 − 10:00,Available,Month
2025-09-18 08:29 UTC,"+28
17","+28
17",SUN,10:00 − 10:05,Available,Month
2025-09-18 08:29 UTC,"+28
17","+28
17",SUN,10:05 − 10:10,Available,Month
2025-09-18 08:29 UTC,"+28
17","+28
17",SUN,10:10 − 10:15,Available,Month
2025-09-18 08:29 UTC,"+28
17","+28
17",SUN,10:15 − 10:20,Available,Month
2025-09-18 08:29 UTC,"+28
17","+28
17",SUN,10:20 − 10:25,Available,Month
2025-09-18 08:29 UTC,"+28
17","+28
17",SUN,10:25 − 10:30,Available,Month
2025-09-18 08:29 UTC,"+28
17","+28
17",SUN,10:30 − 10:35,Available,Month
2025-09-18 08:29 UTC,"+28
17","+28
17",SUN,10:35 − 10:40,Available,Month
2025-09-18 08:29 UTC,"+28
17","+28
17",SUN,10:40 − 10:45,Available,Month
2025-09-18 08:29 UTC,"+28
17","+28
17",SUN,10:45 − 10:50,Available,Month
2025-09-18 08:29 UTC,"+28
17","+28
17",SUN,10:50 − 10:55,Available,Month
2025-09-18 08:29 UTC,"+28
17","+28
17",SUN,10:55 − 11:00,Available,Month
2025-09-18 08:29 UTC,"+28
17","+28
17",SUN,11:00 − 11:05,Available,Month
2025-09-18 08:29 UTC,"+28
17","+28
17",SUN,11:05 − 11:10,Available,Month
2025-09-18 08:29 UTC,"+28
17","+28
17",SUN,11:10 − 11:15,Available,Month
2025-09-18 08:29 UTC,"+28
17","+28
17",SUN,11:15 − 11:20,Available,Month
2025-09-18 08:29 UTC,"+28
17","+28
17",SUN,11:20 − 11:25,Available,Month
2025-09-18 08:29 UTC,"+28
17","+28
17",SUN,11:25 − 11:30,Available,Month
2025-09-18 08:29 UTC,"+28
17","+28
17",SUN,11:30 − 11:35,Available,Month
2025-09-18 08:29 UTC,"+28
17","+28
17",SUN,11:35 − 11:40,Available,Month
2025-09-18 08:29 UTC,"+28
17","+28
17",SUN,11:40 − 11:45,Available,Month
2025-09-18 08:29 UTC,"+28
17","+28
17",SUN,11:45 − 11:50,Available,Month
2025-09-18 08:29 UTC,"+28
17","+28
17",SUN,11:50 − 11:55,Available,Month
2025-09-18 08:29 UTC,"+28
17","+28
17",SUN,11:55 − 12:00,Available,Month
2025-09-18 08:29 UTC,"+28
18","+28
18",SUN,9:00 − 9:05,Available,Month
2025-09-18 08:29 UTC,"+28
18","+28
18",SUN,9:05 − 9:10,Available,Month
2025-09-18 08:29 UTC,"+28
18","+28
18",SUN,9:10 − 9:15,Available,Month
2025-09-18 08:29 UTC,"+28
18","+28
18",SUN,9:15 − 9:20,Available,Month
2025-09-18 08:29 UTC,"+28
18","+28
18",SUN,9:20 − 9:25,Available,Month
2025-09-18 08:29 UTC,"+28
18","+28
18",SUN,9:25 − 9:30,Available,Month
2025-09-18 08:29 UTC,"+28
18","+28
18",SUN,9:30 − 9:35,Available,Month
2025-09-18 08:29 UTC,"+28
18","+28
18",SUN,9:35 − 9:40,Available,Month
2025-09-18 08:29 UTC,"+28
18","+28
18",SUN,9:40 − 9:45,Available,Month
2025-09-18 08:29 UTC,"+28
18","+28
18",SUN,9:45 − 9:50,Available,Month
2025-09-18 08:29 UTC,"+28
18","+28
18",SUN,9:50 − 9:55,Available,Month
2025-09-18 08:29 UTC,"+28
18","+28
18",SUN,9:55 − 10:00,Available,Month
2025-09-18 08:29 UTC,"+28
18","+28
18",SUN,10:00 − 10:05,Available,Month
2025-09-18 08:29 UTC,"+28
18","+28
18",SUN,10:05 − 10:10,Available,Month
2025-09-18 08:29 UTC,"+28
18","+28
18",SUN,10:10 − 10:15,Available,Month
2025-09-18 08:29 UTC,"+28
18","+28
18",SUN,10:15 − 10:20,Available,Month
2025-09-18 08:29 UTC,"+28
18","+28
18",SUN,10:20 − 10:25,Available,Month
2025-09-18 08:29 UTC,"+28
18","+28
18",SUN,10:25 − 10:30,Available,Month
2025-09-18 08:29 UTC,"+28
18","+28
18",SUN,10:30 − 10:35,Available,Month
2025-09-18 08:29 UTC,"+28
18","+28
18",SUN,10:35 − 10:40,Available,Month
2025-09-18 08:29 UTC,"+28
18","+28
18",SUN,10:40 − 10:45,Available,Month
2025-09-18 08:29 UTC,"+28
18","+28
18",SUN,10:45 − 10:50,Available,Month
2025-09-18 08:29 UTC,"+28
18","+28
18",SUN,10:50 − 10:55,Available,Month
2025-09-18 08:29 UTC,"+28
18","+28
18",SUN,10:55 − 11:00,Available,Month
2025-09-18 08:29 UTC,"+28
18","+28
18",SUN,11:00 − 11:05,Available,Month
2025-09-18 08:29 UTC,"+28
18","+28
18",SUN,11:05 − 11:10,Available,Month
2025-09-18 08:29 UTC,"+28
18","+28
18",SUN,11:10 − 11:15,Available,Month
2025-09-18 08:29 UTC,"+28
18","+28
18",SUN,11:15 − 11:20,Available,Month
2025-09-18 08:29 UTC,"+28
18","+28
18",SUN,11:20 − 11:25,Available,Month
2025-09-18 08:29 UTC,"+28
18","+28
18",SUN,11:25 − 11:30,Available,Month
2025-09-18 08:29 UTC,"+28
18","+28
18",SUN,11:30 − 11:35,Available,Month
2025-09-18 08:29 UTC,"+28
18","+28
18",SUN,11:35 − 11:40,Available,Month
2025-09-18 08:29 UTC,"+28
18","+28
18",SUN,11:40 − 11:45,Available,Month
2025-09-18 08:29 UTC,"+28
18","+28
18",SUN,11:45 − 11:50,Available,Month
2025-09-18 08:29 UTC,"+28
18","+28
18",SUN,11:50 − 11:55,Available,Month
2025-09-18 08:29 UTC,"+28
18","+28
18",SUN,11:55 − 12:00,Available,Month
2025-09-18 08:29 UTC,"+28
22","+28
22",SUN,9:00 − 9:05,Available,Month
2025-09-18 08:29 UTC,"+28
22","+28
22",SUN,9:05 − 9:10,Available,Month
2025-09-18 08:29 UTC,"+28
22","+28
22",SUN,9:10 − 9:15,Available,Month
2025-09-18 08:29 UTC,"+28
22","+28
22",SUN,9:15 − 9:20,Available,Month
2025-09-18 08:29 UTC,"+28
22","+28
22",SUN,9:20 − 9:25,Available,Month
2025-09-18 08:29 UTC,"+28
22","+28
22",SUN,9:25 − 9:30,Available,Month
2025-09-18 08:29 UTC,"+28
22","+28
22",SUN,9:30 − 9:35,Available,Month
2025-09-18 08:29 UTC,"+28
22","+28
22",SUN,9:35 − 9:40,Available,Month
2025-09-18 08:29 UTC,"+28
22","+28
22",SUN,9:40 − 9:45,Available,Month
2025-09-18 08:29 UTC,"+28
22","+28
22",SUN,9:45 − 9:50,Available,Month
2025-09-18 08:29 UTC,"+28
22","+28
22",SUN,9:50 − 9:55,Available,Month
2025-09-18 08:29 UTC,"+28
22","+28
22",SUN,9:55 − 10:00,Available,Month
2025-09-18 08:29 UTC,"+28
22","+28
22",SUN,10:00 − 10:05,Available,Month
2025-09-18 08:29 UTC,"+28
22","+28
22",SUN,10:05 − 10:10,Available,Month
2025-09-18 08:29 UTC,"+28
22","+28
22",SUN,10:10 − 10:15,Available,Month
2025-09-18 08:29 UTC,"+28
22","+28
22",SUN,10:15 − 10:20,Available,Month
2025-09-18 08:29 UTC,"+28
22","+28
22",SUN,10:20 − 10:25,Available,Month
2025-09-18 08:29 UTC,"+28
22","+28
22",SUN,10:25 − 10:30,Available,Month
2025-09-18 08:29 UTC,"+28
22","+28
22",SUN,10:30 − 10:35,Available,Month
2025-09-18 08:29 UTC,"+28
22","+28
22",SUN,10:35 − 10:40,Available,Month
2025-09-18 08:29 UTC,"+28
22","+28
22",SUN,10:40 − 10:45,Available,Month
2025-09-18 08:29 UTC,"+28
22","+28
22",SUN,10:45 − 10:50,Available,Month
2025-09-18 08:29 UTC,"+28
22","+28
22",SUN,10:50 − 10:55,Available,Month
2025-09-18 08:29 UTC,"+28
22","+28
22",SUN,10:55 − 11:00,Available,Month
2025-09-18 08:29 UTC,"+28
22","+28
22",SUN,11:00 − 11:05,Available,Month
2025-09-18 08:29 UTC,"+28
22","+28
22",SUN,11:05 − 11:10,Available,Month
2025-09-18 08:29 UTC,"+28
22","+28
22",SUN,11:10 − 11:15,Available,Month
2025-09-18 08:29 UTC,"+28
22","+28
22",SUN,11:15 − 11:20,Available,Month
2025-09-18 08:29 UTC,"+28
22","+28
22",SUN,11:20 − 11:25,Available,Month
2025-09-18 08:29 UTC,"+28
22","+28
22",SUN,11:25 − 11:30,Available,Month
2025-09-18 08:29 UTC,"+28
22","+28
22",SUN,11:30 − 11:35,Available,Month
2025-09-18 08:29 UTC,"+28
22","+28
22",SUN,11:35 − 11:40,Available,Month
2025-09-18 08:29 UTC,"+28
22","+28
22",SUN,11:40 − 11:45,Available,Month
2025-09-18 08:29 UTC,"+28
22","+28
22",SUN,11:45 − 11:50,Available,Month
2025-09-18 08:29 UTC,"+28
22","+28
22",SUN,11:50 − 11:55,Available,Month
2025-09-18 08:29 UTC,"+28
22","+28
22",SUN,11:55 − 12:00,Available,Month
2025-09-18 08:29 UTC,"+28
23","+28
23",SUN,9:00 − 9:05,Available,Month
2025-09-18 08:29 UTC,"+28
23","+28
23",SUN,9:05 − 9:10,Available,Month
2025-09-18 08:29 UTC,"+28
23","+28
23",SUN,9:10 − 9:15,Available,Month
2025-09-18 08:29 UTC,"+28
23","+28
23",SUN,9:15 − 9:20,Available,Month
2025-09-18 08:29 UTC,"+28
23","+28
23",SUN,9:20 − 9:25,Available,Month
2025-09-18 08:29 UTC,"+28
23","+28
23",SUN,9:25 − 9:30,Available,Month
2025-09-18 08:29 UTC,"+28
23","+28
23",SUN,9:30 − 9:35,Available,Month
2025-09-18 08:29 UTC,"+28
23","+28
23",SUN,9:35 − 9:40,Available,Month
2025-09-18 08:29 UTC,"+28
23","+28
23",SUN,9:40 − 9:45,Available,Month
2025-09-18 08:29 UTC,"+28
23","+28
23",SUN,9:45 − 9:50,Available,Month
2025-09-18 08:29 UTC,"+28
23","+28
23",SUN,9:50 − 9:55,Available,Month
2025-09-18 08:29 UTC,"+28
23","+28
23",SUN,9:55 − 10:00,Available,Month
2025-09-18 08:29 UTC,"+28
23","+28
23",SUN,10:00 − 10:05,Available,Month
2025-09-18 08:29 UTC,"+28
23","+28
23",SUN,10:05 − 10:10,Available,Month
2025-09-18 08:29 UTC,"+28
23","+28
23",SUN,10:10 − 10:15,Available,Month
2025-09-18 08:29 UTC,"+28
23","+28
23",SUN,10:15 − 10:20,Available,Month
2025-09-18 08:29 UTC,"+28
23","+28
23",SUN,10:20 − 10:25,Available,Month
2025-09-18 08:29 UTC,"+28
23","+28
23",SUN,10:25 − 10:30,Available,Month
2025-09-18 08:29 UTC,"+28
23","+28
23",SUN,10:30 − 10:35,Available,Month
2025-09-18 08:29 UTC,"+28
23","+28
23",SUN,10:35 − 10:40,Available,Month
2025-09-18 08:29 UTC,"+28
23","+28
23",SUN,10:40 − 10:45,Available,Month
2025-09-18 08:29 UTC,"+28
23","+28
23",SUN,10:45 − 10:50,Available,Month
2025-09-18 08:29 UTC,"+28
23","+28
23",SUN,10:50 − 10:55,Available,Month
2025-09-18 08:29 UTC,"+28
23","+28
23",SUN,10:55 − 11:00,Available,Month
2025-09-18 08:29 UTC,"+28
23","+28
23",SUN,11:00 − 11:05,Available,Month
2025-09-18 08:29 UTC,"+28
23","+28
23",SUN,11:05 − 11:10,Available,Month
2025-09-18 08:29 UTC,"+28
23","+28
23",SUN,11:10 − 11:15,Available,Month
2025-09-18 08:29 UTC,"+28
23","+28
23",SUN,11:15 − 11:20,Available,Month
2025-09-18 08:29 UTC,"+28
23","+28
23",SUN,11:20 − 11:25,Available,Month
2025-09-18 08:29 UTC,"+28
23","+28
23",SUN,11:25 − 11:30,Available,Month
2025-09-18 08:29 UTC,"+28
23","+28
23",SUN,11:30 − 11:35,Available,Month
2025-09-18 08:29 UTC,"+28
23","+28
23",SUN,11:35 − 11:40,Available,Month
2025-09-18 08:29 UTC,"+28
23","+28
23",SUN,11:40 − 11:45,Available,Month
2025-09-18 08:29 UTC,"+28
23","+28
23",SUN,11:45 − 11:50,Available,Month
2025-09-18 08:29 UTC,"+28
23","+28
23",SUN,11:50 − 11:55,Available,Month
2025-09-18 08:29 UTC,"+28
23","+28
23",SUN,11:55 − 12:00,Available,Month
2025-09-18 08:29 UTC,"+28
24","+28
24",SUN,9:00 − 9:05,Available,Month
2025-09-18 08:29 UTC,"+28
24","+28
24",SUN,9:05 − 9:10,Available,Month
2025-09-18 08:29 UTC,"+28
24","+28
24",SUN,9:10 − 9:15,Available,Month
2025-09-18 08:29 UTC,"+28
24","+28
24",SUN,9:15 − 9:20,Available,Month
2025-09-18 08:29 UTC,"+28
24","+28
24",SUN,9:20 − 9:25,Available,Month
2025-09-18 08:29 UTC,"+28
24","+28
24",SUN,9:25 − 9:30,Available,Month
2025-09-18 08:29 UTC,"+28
24","+28
24",SUN,9:30 − 9:35,Available,Month
2025-09-18 08:29 UTC,"+28
24","+28
24",SUN,9:35 − 9:40,Available,Month
2025-09-18 08:29 UTC,"+28
24","+28
24",SUN,9:40 − 9:45,Available,Month
2025-09-18 08:29 UTC,"+28
24","+28
24",SUN,9:45 − 9:50,Available,Month
2025-09-18 08:29 UTC,"+28
24","+28
24",SUN,9:50 − 9:55,Available,Month
2025-09-18 08:29 UTC,"+28
24","+28
24",SUN,9:55 − 10:00,Available,Month
2025-09-18 08:29 UTC,"+28
24","+28
24",SUN,10:00 − 10:05,Available,Month
2025-09-18 08:29 UTC,"+28
24","+28
24",SUN,10:05 − 10:10,Available,Month
2025-09-18 08:29 UTC,"+28
24","+28
24",SUN,10:10 − 10:15,Available,Month
2025-09-18 08:29 UTC,"+28
24","+28
24",SUN,10:15 − 10:20,Available,Month
2025-09-18 08:29 UTC,"+28
24","+28
24",SUN,10:20 − 10:25,Available,Month
2025-09-18 08:29 UTC,"+28
24","+28
24",SUN,10:25 − 10:30,Available,Month
2025-09-18 08:29 UTC,"+28
24","+28
24",SUN,10:30 − 10:35,Available,Month
2025-09-18 08:29 UTC,"+28
24","+28
24",SUN,10:35 − 10:40,Available,Month
2025-09-18 08:29 UTC,"+28
24","+28
24",SUN,10:40 − 10:45,Available,Month
2025-09-18 08:29 UTC,"+28
24","+28
24",SUN,10:45 − 10:50,Available,Month
2025-09-18 08:29 UTC,"+28
24","+28
24",SUN,10:50 − 10:55,Available,Month
2025-09-18 08:29 UTC,"+28
24","+28
24",SUN,10:55 − 11:00,Available,Month
2025-09-18 08:29 UTC,"+28
24","+28
24",SUN,11:00 − 11:05,Available,Month
2025-09-18 08:29 UTC,"+28
24","+28
24",SUN,11:05 − 11:10,Available,Month
2025-09-18 08:29 UTC,"+28
24","+28
24",SUN,11:10 − 11:15,Available,Month
2025-09-18 08:29 UTC,"+28
24","+28
24",SUN,11:15 − 11:20,Available,Month
2025-09-18 08:29 UTC,"+28
24","+28
24",SUN,11:20 − 11:25,Available,Month
2025-09-18 08:29 UTC,"+28
24","+28
24",SUN,11:25 − 11:30,Available,Month
2025-09-18 08:29 UTC,"+28
24","+28
24",SUN,11:30 − 11:35,Available,Month
2025-09-18 08:29 UTC,"+28
24","+28
24",SUN,11:35 − 11:40,Available,Month
2025-09-18 08:29 UTC,"+28
24","+28
24",SUN,11:40 − 11:45,Available,Month
2025-09-18 08:29 UTC,"+28
24","+28
24",SUN,11:45 − 11:50,Available,Month
2025-09-18 08:29 UTC,"+28
24","+28
24",SUN,11:50 − 11:55,Available,Month
2025-09-18 08:29 UTC,"+28
24","+28
24",SUN,11:55 − 12:00,Available,Month
2025-09-18 08:29 UTC,"+28
25","+28
25",SUN,9:00 − 9:05,Available,Month
2025-09-18 08:29 UTC,"+28
25","+28
25",SUN,9:05 − 9:10,Available,Month
2025-09-18 08:29 UTC,"+28
25","+28
25",SUN,9:10 − 9:15,Available,Month
2025-09-18 08:29 UTC,"+28
25","+28
25",SUN,9:15 − 9:20,Available,Month
2025-09-18 08:29 UTC,"+28
25","+28
25",SUN,9:20 − 9:25,Available,Month
2025-09-18 08:29 UTC,"+28
25","+28
25",SUN,9:25 − 9:30,Available,Month
2025-09-18 08:29 UTC,"+28
25","+28
25",SUN,9:30 − 9:35,Available,Month
2025-09-18 08:29 UTC,"+28
25","+28
25",SUN,9:35 − 9:40,Available,Month
2025-09-18 08:29 UTC,"+28
25","+28
25",SUN,9:40 − 9:45,Available,Month
2025-09-18 08:29 UTC,"+28
25","+28
25",SUN,9:45 − 9:50,Available,Month
2025-09-18 08:29 UTC,"+28
25","+28
25",SUN,9:50 − 9:55,Available,Month
2025-09-18 08:29 UTC,"+28
25","+28
25",SUN,9:55 − 10:00,Available,Month
2025-09-18 08:29 UTC,"+28
25","+28
25",SUN,10:00 − 10:05,Available,Month
2025-09-18 08:29 UTC,"+28
25","+28
25",SUN,10:05 − 10:10,Available,Month
2025-09-18 08:29 UTC,"+28
25","+28
25",SUN,10:10 − 10:15,Available,Month
2025-09-18 08:29 UTC,"+28
25","+28
25",SUN,10:15 − 10:20,Available,Month
2025-09-18 08:29 UTC,"+28
25","+28
25",SUN,10:20 − 10:25,Available,Month
2025-09-18 08:29 UTC,"+28
25","+28
25",SUN,10:25 − 10:30,Available,Month
2025-09-18 08:29 UTC,"+28
25","+28
25",SUN,10:30 − 10:35,Available,Month
2025-09-18 08:29 UTC,"+28
25","+28
25",SUN,10:35 − 10:40,Available,Month
2025-09-18 08:29 UTC,"+28
25","+28
25",SUN,10:40 − 10:45,Available,Month
2025-09-18 08:29 UTC,"+28
25","+28
25",SUN,10:45 − 10:50,Available,Month
2025-09-18 08:29 UTC,"+28
25","+28
25",SUN,10:50 − 10:55,Available,Month
2025-09-18 08:29 UTC,"+28
25","+28
25",SUN,10:55 − 11:00,Available,Month
2025-09-18 08:29 UTC,"+28
25","+28
25",SUN,11:00 − 11:05,Available,Month
2025-09-18 08:29 UTC,"+28
25","+28
25",SUN,11:05 − 11:10,Available,Month
2025-09-18 08:29 UTC,"+28
25","+28
25",SUN,11:10 − 11:15,Available,Month
2025-09-18 08:29 UTC,"+28
25","+28
25",SUN,11:15 − 11:20,Available,Month
2025-09-18 08:29 UTC,"+28
25","+28
25",SUN,11:20 − 11:25,Available,Month
2025-09-18 08:29 UTC,"+28
25","+28
25",SUN,11:25 − 11:30,Available,Month
2025-09-18 08:29 UTC,"+28
25","+28
25",SUN,11:30 − 11:35,Available,Month
2025-09-18 08:29 UTC,"+28
25","+28
25",SUN,11:35 − 11:40,Available,Month
2025-09-18 08:29 UTC,"+28
25","+28
25",SUN,11:40 − 11:45,Available,Month
2025-09-18 08:29 UTC,"+28
25","+28
25",SUN,11:45 − 11:50,Available,Month
2025-09-18 08:29 UTC,"+28
25","+28
25",SUN,11:50 − 11:55,Available,Month
2025-09-18 08:29 UTC,"+28
25","+28
25",SUN,11:55 − 12:00,Available,Month
2025-09-18 08:29 UTC,"+28
29","+28
29",SUN,9:00 − 9:05,Available,Month
2025-09-18 08:29 UTC,"+28
29","+28
29",SUN,9:05 − 9:10,Available,Month
2025-09-18 08:29 UTC,"+28
29","+28
29",SUN,9:10 − 9:15,Available,Month
2025-09-18 08:29 UTC,"+28
29","+28
29",SUN,9:15 − 9:20,Available,Month
2025-09-18 08:29 UTC,"+28
29","+28
29",SUN,9:20 − 9:25,Available,Month
2025-09-18 08:29 UTC,"+28
29","+28
29",SUN,9:25 − 9:30,Available,Month
2025-09-18 08:29 UTC,"+28
29","+28
29",SUN,9:30 − 9:35,Available,Month
2025-09-18 08:29 UTC,"+28
29","+28
29",SUN,9:35 − 9:40,Available,Month
2025-09-18 08:29 UTC,"+28
29","+28
29",SUN,9:40 − 9:45,Available,Month
2025-09-18 08:29 UTC,"+28
29","+28
29",SUN,9:45 − 9:50,Available,Month
2025-09-18 08:29 UTC,"+28
29","+28
29",SUN,9:50 − 9:55,Available,Month
2025-09-18 08:29 UTC,"+28
29","+28
29",SUN,9:55 − 10:00,Available,Month
2025-09-18 08:29 UTC,"+28
29","+28
29",SUN,10:00 − 10:05,Available,Month
2025-09-18 08:29 UTC,"+28
29","+28
29",SUN,10:05 − 10:10,Available,Month
2025-09-18 08:29 UTC,"+28
29","+28
29",SUN,10:10 − 10:15,Available,Month
2025-09-18 08:29 UTC,"+28
29","+28
29",SUN,10:15 − 10:20,Available,Month
2025-09-18 08:29 UTC,"+28
29","+28
29",SUN,10:20 − 10:25,Available,Month
2025-09-18 08:29 UTC,"+28
29","+28
29",SUN,10:25 − 10:30,Available,Month
2025-09-18 08:29 UTC,"+28
29","+28
29",SUN,10:30 − 10:35,Available,Month
2025-09-18 08:29 UTC,"+28
29","+28
29",SUN,10:35 − 10:40,Available,Month
2025-09-18 08:29 UTC,"+28
29","+28
29",SUN,10:40 − 10:45,Available,Month
2025-09-18 08:29 UTC,"+28
29","+28
29",SUN,10:45 − 10:50,Available,Month
2025-09-18 08:29 UTC,"+28
29","+28
29",SUN,10:50 − 10:55,Available,Month
2025-09-18 08:29 UTC,"+28
29","+28
29",SUN,10:55 − 11:00,Available,Month
2025-09-18 08:29 UTC,"+28
29","+28
29",SUN,11:00 − 11:05,Available,Month
2025-09-18 08:29 UTC,"+28
29","+28
29",SUN,11:05 − 11:10,Available,Month
2025-09-18 08:29 UTC,"+28
29","+28
29",SUN,11:10 − 11:15,Available,Month
2025-09-18 08:29 UTC,"+28
29","+28
29",SUN,11:15 − 11:20,Available,Month
2025-09-18 08:29 UTC,"+28
29","+28
29",SUN,11:20 − 11:25,Available,Month
2025-09-18 08:29 UTC,"+28
29","+28
29",SUN,11:25 − 11:30,Available,Month
2025-09-18 08:29 UTC,"+28
29","+28
29",SUN,11:30 − 11:35,Available,Month
2025-09-18 08:29 UTC,"+28
29","+28
29",SUN,11:35 − 11:40,Available,Month
2025-09-18 08:29 UTC,"+28
29","+28
29",SUN,11:40 − 11:45,Available,Month
2025-09-18 08:29 UTC,"+28
29","+28
29",SUN,11:45 − 11:50,Available,Month
2025-09-18 08:29 UTC,"+28
29","+28
29",SUN,11:50 − 11:55,Available,Month
2025-09-18 08:29 UTC,"+28
29","+28
29",SUN,11:55 − 12:00,Available,Month
2025-09-18 08:29 UTC,"+28
1","+28
1",SUN,9:00 − 9:05,Available,Month
2025-09-18 08:29 UTC,"+28
1","+28
1",SUN,9:05 − 9:10,Available,Month
2025-09-18 08:29 UTC,"+28
1","+28
1",SUN,9:10 − 9:15,Available,Month
2025-09-18 08:29 UTC,"+28
1","+28
1",SUN,9:15 − 9:20,Available,Month
2025-09-18 08:29 UTC,"+28
1","+28
1",SUN,9:20 − 9:25,Available,Month
2025-09-18 08:29 UTC,"+28
1","+28
1",SUN,9:25 − 9:30,Available,Month
2025-09-18 08:29 UTC,"+28
1","+28
1",SUN,9:30 − 9:35,Available,Month
2025-09-18 08:29 UTC,"+28
1","+28
1",SUN,9:35 − 9:40,Available,Month
2025-09-18 08:29 UTC,"+28
1","+28
1",SUN,9:40 − 9:45,Available,Month
2025-09-18 08:29 UTC,"+28
1","+28
1",SUN,9:45 − 9:50,Available,Month
2025-09-18 08:29 UTC,"+28
1","+28
1",SUN,9:50 − 9:55,Available,Month
2025-09-18 08:29 UTC,"+28
1","+28
1",SUN,9:55 − 10:00,Available,Month
2025-09-18 08:29 UTC,"+28
1","+28
1",SUN,10:00 − 10:05,Available,Month
2025-09-18 08:29 UTC,"+28
1","+28
1",SUN,10:05 − 10:10,Available,Month
2025-09-18 08:29 UTC,"+28
1","+28
1",SUN,10:10 − 10:15,Available,Month
2025-09-18 08:29 UTC,"+28
1","+28
1",SUN,10:15 − 10:20,Available,Month
2025-09-18 08:29 UTC,"+28
1","+28
1",SUN,10:20 − 10:25,Available,Month
2025-09-18 08:29 UTC,"+28
1","+28
1",SUN,10:25 − 10:30,Available,Month
2025-09-18 08:29 UTC,"+28
1","+28
1",SUN,10:30 − 10:35,Available,Month
2025-09-18 08:29 UTC,"+28
1","+28
1",SUN,10:35 − 10:40,Available,Month
2025-09-18 08:29 UTC,"+28
1","+28
1",SUN,10:40 − 10:45,Available,Month
2025-09-18 08:29 UTC,"+28
1","+28
1",SUN,10:45 − 10:50,Available,Month
2025-09-18 08:29 UTC,"+28
1","+28
1",SUN,10:50 − 10:55,Available,Month
2025-09-18 08:29 UTC,"+28
1","+28
1",SUN,10:55 − 11:00,Available,Month
2025-09-18 08:29 UTC,"+28
1","+28
1",SUN,11:00 − 11:05,Available,Month
2025-09-18 08:29 UTC,"+28
1","+28
1",SUN,11:05 − 11:10,Available,Month
2025-09-18 08:29 UTC,"+28
1","+28
1",SUN,11:10 − 11:15,Available,Month
2025-09-18 08:29 UTC,"+28
1","+28
1",SUN,11:15 − 11:20,Available,Month
2025-09-18 08:29 UTC,"+28
1","+28
1",SUN,11:20 − 11:25,Available,Month
2025-09-18 08:29 UTC,"+28
1","+28
1",SUN,11:25 − 11:30,Available,Month
2025-09-18 08:29 UTC,"+28
1","+28
1",SUN,11:30 − 11:35,Available,Month
2025-09-18 08:29 UTC,"+28
1","+28
1",SUN,11:35 − 11:40,Available,Month
2025-09-18 08:29 UTC,"+28
1","+28
1",SUN,11:40 − 11:45,Available,Month
2025-09-18 08:29 UTC,"+28
1","+28
1",SUN,11:45 − 11:50,Available,Month
2025-09-18 08:29 UTC,"+28
1","+28
1",SUN,11:50 − 11:55,Available,Month
2025-09-18 08:29 UTC,"+28
1","+28
1",SUN,11:55 − 12:00,Available,Month
2025-09-18 08:29 UTC,"+28
2","+28
2",SUN,9:00 − 9:05,Available,Month
2025-09-18 08:29 UTC,"+28
2","+28
2",SUN,9:05 − 9:10,Available,Month
2025-09-18 08:29 UTC,"+28
2","+28
2",SUN,9:10 − 9:15,Available,Month
2025-09-18 08:29 UTC,"+28
2","+28
2",SUN,9:15 − 9:20,Available,Month
2025-09-18 08:29 UTC,"+28
2","+28
2",SUN,9:20 − 9:25,Available,Month
2025-09-18 08:29 UTC,"+28
2","+28
2",SUN,9:25 − 9:30,Available,Month
2025-09-18 08:29 UTC,"+28
2","+28
2",SUN,9:30 − 9:35,Available,Month
2025-09-18 08:29 UTC,"+28
2","+28
2",SUN,9:35 − 9:40,Available,Month
2025-09-18 08:29 UTC,"+28
2","+28
2",SUN,9:40 − 9:45,Available,Month
2025-09-18 08:29 UTC,"+28
2","+28
2",SUN,9:45 − 9:50,Available,Month
2025-09-18 08:29 UTC,"+28
2","+28
2",SUN,9:50 − 9:55,Available,Month
2025-09-18 08:29 UTC,"+28
2","+28
2",SUN,9:55 − 10:00,Available,Month
2025-09-18 08:29 UTC,"+28
2","+28
2",SUN,10:00 − 10:05,Available,Month
2025-09-18 08:29 UTC,"+28
2","+28
2",SUN,10:05 − 10:10,Available,Month
2025-09-18 08:29 UTC,"+28
2","+28
2",SUN,10:10 − 10:15,Available,Month
2025-09-18 08:29 UTC,"+28
2","+28
2",SUN,10:15 − 10:20,Available,Month
2025-09-18 08:29 UTC,"+28
2","+28
2",SUN,10:20 − 10:25,Available,Month
2025-09-18 08:29 UTC,"+28
2","+28
2",SUN,10:25 − 10:30,Available,Month
2025-09-18 08:29 UTC,"+28
2","+28
2",SUN,10:30 − 10:35,Available,Month
2025-09-18 08:29 UTC,"+28
2","+28
2",SUN,10:35 − 10:40,Available,Month
2025-09-18 08:29 UTC,"+28
2","+28
2",SUN,10:40 − 10:45,Available,Month
2025-09-18 08:29 UTC,"+28
2","+28
2",SUN,10:45 − 10:50,Available,Month
2025-09-18 08:29 UTC,"+28
2","+28
2",SUN,10:50 − 10:55,Available,Month
2025-09-18 08:29 UTC,"+28
2","+28
2",SUN,10:55 − 11:00,Available,Month
2025-09-18 08:29 UTC,"+28
2","+28
2",SUN,11:00 − 11:05,Available,Month
2025-09-18 08:29 UTC,"+28
2","+28
2",SUN,11:05 − 11:10,Available,Month
2025-09-18 08:29 UTC,"+28
2","+28
2",SUN,11:10 − 11:15,Available,Month
2025-09-18 08:29 UTC,"+28
2","+28
2",SUN,11:15 − 11:20,Available,Month
2025-09-18 08:29 UTC,"+28
2","+28
2",SUN,11:20 − 11:25,Available,Month
2025-09-18 08:29 UTC,"+28
2","+28
2",SUN,11:25 − 11:30,Available,Month
2025-09-18 08:29 UTC,"+28
2","+28
2",SUN,11:30 − 11:35,Available,Month
2025-09-18 08:29 UTC,"+28
2","+28
2",SUN,11:35 − 11:40,Available,Month
2025-09-18 08:29 UTC,"+28
2","+28
2",SUN,11:40 − 11:45,Available,Month
2025-09-18 08:29 UTC,"+28
2","+28
2",SUN,11:45 − 11:50,Available,Month
2025-09-18 08:29 UTC,"+28
2","+28
2",SUN,11:50 − 11:55,Available,Month
2025-09-18 08:29 UTC,"+28
2","+28
2",SUN,11:55 − 12:00,Available,Month
2025-09-18 09:07 UTC,,MON,,Unavailable,Month
2025-09-18 09:07 UTC,,TUE,,Unavailable,Month
2025-09-18 09:07 UTC,,WED,,Unavailable,Month
2025-09-18 09:07 UTC,,THU,,Unavailable,Month
2025-09-18 09:07 UTC,,MON,,Unavailable,Month
2025-09-18 09:07 UTC,,TUE,,Unavailable,Month
2025-09-18 09:07 UTC,,WED,,Unavailable,Month
2025-09-18 09:07 UTC,,THU,,Unavailable,Month
2025-09-18 09:07 UTC,,MON,,Unavailable,Month
2025-09-18 09:07 UTC,,TUE,,Unavailable,Month
2025-09-18 09:07 UTC,,WED,,Unavailable,Month
2025-09-18 09:07 UTC,,THU,,Unavailable,Month
2025-09-18 09:07 UTC,,MON,,Unavailable,Month
2025-09-18 09:07 UTC,,TUE,,Unavailable,Month
2025-09-18 09:07 UTC,,WED,,Unavailable,Month
2025-09-18 09:07 UTC,,THU,,Unavailable,Month
2025-09-18 09:07 UTC,,MON,,Unavailable,Month
2025-09-18 09:07 UTC,,TUE,,Closed,Month
2025-09-18 09:07 UTC,,WED,,Unavailable,Month
2025-09-18 09:07 UTC,,THU,,Unavailable,Month
2025-09-18 09:07 UTC,,MON,,Unavailable,Month
2025-09-18 09:07 UTC,,TUE,,Unavailable,Month
2025-09-18 09:07 UTC,,WED,,Unavailable,Month
2025-09-18 09:07 UTC,,THU,,Unavailable,Month
2025-09-18 09:07 UTC,,MON,,Unavailable,Month
2025-09-18 09:07 UTC,,TUE,,Unavailable,Month
2025-09-18 09:07 UTC,,WED,,Unavailable,Month
2025-09-18 09:07 UTC,,THU,,Unavailable,Month
2025-09-18 09:07 UTC,,MON,,Unavailable,Month
2025-09-18 09:07 UTC,,TUE,,Unavailable,Month
2025-09-18 09:07 UTC,,WED,,Unavailable,Month
2025-09-18 09:07 UTC,,THU,,Unavailable,Month
2025-09-18 09:07 UTC,,MON,,Unavailable,Month
2025-09-18 09:07 UTC,,TUE,,Closed,Month
2025-09-18 09:07 UTC,,WED,,Unavailable,Month
2025-09-18 09:07 UTC,,THU,,Unavailable,Month
2025-09-18 09:07 UTC,,MON,,Unavailable,Month
2025-09-18 09:07 UTC,,TUE,,Unavailable,Month
2025-09-18 09:07 UTC,,WED,,Unavailable,Month
2025-09-18 09:07 UTC,,THU,,Unavailable,Month
2025-09-18 09:07 UTC,,MON,,Unavailable,Month
2025-09-18 09:07 UTC,,TUE,,Unavailable,Month
2025-09-18 09:07 UTC,,WED,,Unavailable,Month
2025-09-18 09:07 UTC,,THU,,Unavailable,Month
2025-09-18 09:07 UTC,,MON,,Unavailable,Month
2025-09-18 09:07 UTC,,TUE,,Unavailable,Month
2025-09-18 09:07 UTC,,WED,,Unavailable,Month
2025-09-18 09:07 UTC,,THU,,Unavailable,Month
2025-09-18 09:07 UTC,,MON,,Unavailable,Month
2025-09-18 09:07 UTC,,TUE,,Unavailable,Month
2025-09-18 09:07 UTC,,WED,,Unavailable,Month
2025-09-18 09:07 UTC,,THU,,Unavailable,Month
2025-09-18 09:07 UTC,,MON,,Unavailable,Month
2025-09-18 09:07 UTC,,TUE,,Unavailable,Month
2025-09-18 09:07 UTC,,WED,,Unavailable,Month
2025-09-18 09:07 UTC,,THU,,Unavailable,Month
2025-09-18 09:07 UTC,,MON,,Unavailable,Month
2025-09-18 09:07 UTC,,TUE,,Unavailable,Month
2025-09-18 09:07 UTC,,WED,,Unavailable,Month
2025-09-18 09:07 UTC,,THU,,Unavailable,Month
2025-09-18 09:07 UTC,,MON,,Unavailable,Month
2025-09-18 09:07 UTC,,TUE,,Unavailable,Month
2025-09-18 09:07 UTC,,WED,,Unavailable,Month
2025-09-18 09:07 UTC,,THU,,Unavailable,Month
2025-09-18 09:07 UTC,,MON,,Unavailable,Month
2025-09-18 09:07 UTC,,TUE,,Unavailable,Month
2025-09-18 09:07 UTC,,WED,,Unavailable,Month
2025-09-18 09:07 UTC,,THU,,Closed,Month
2025-09-18 09:07 UTC,,MON,,Unavailable,Month
2025-09-18 09:07 UTC,,TUE,,Unavailable,Month
2025-09-18 09:07 UTC,,WED,,Closed,Month
2025-09-18 09:07 UTC,,THU,,Closed,Month
2025-09-18 09:07 UTC,,MON,,Closed,Month
2025-09-18 09:07 UTC,,TUE,,Closed,Month
2025-09-18 09:07 UTC,,WED,,Closed,Month
2025-09-18 09:07 UTC,,THU,,Closed,Month
2025-09-18 09:07 UTC,,MON,,Closed,Month
2025-09-18 09:07 UTC,,TUE,,Closed,Month
2025-09-18 09:07 UTC,,WED,,Closed,Month
2025-09-18 09:07 UTC,,THU,,Closed,Month
2025-09-18 09:07 UTC,,MON,,Closed,Month
2025-09-18 09:07 UTC,,TUE,,Closed,Month
2025-09-18 09:07 UTC,,WED,,Closed,Month
2025-09-18 09:07 UTC,,THU,,Closed,Month
2025-09-18 09:07 UTC,,MON,,Closed,Month
2025-09-18 09:07 UTC,,TUE,,Closed,Month
2025-09-18 09:07 UTC,,WED,,Closed,Month
2025-09-18 09:07 UTC,,THU,,Closed,Month
2025-09-18 11:16 UTC,,MON,,Unavailable,Month
2025-09-18 11:16 UTC,,TUE,,Unavailable,Month
2025-09-18 11:16 UTC,,WED,,Unavailable,Month
2025-09-18 11:16 UTC,,THU,,Unavailable,Month
2025-09-18 11:16 UTC,,MON,,Unavailable,Month
2025-09-18 11:16 UTC,,TUE,,Unavailable,Month
2025-09-18 11:16 UTC,,WED,,Unavailable,Month
2025-09-18 11:16 UTC,,THU,,Unavailable,Month
2025-09-18 11:16 UTC,,MON,,Unavailable,Month
2025-09-18 11:16 UTC,,TUE,,Unavailable,Month
2025-09-18 11:16 UTC,,WED,,Unavailable,Month
2025-09-18 11:16 UTC,,THU,,Unavailable,Month
2025-09-18 11:16 UTC,,MON,,Unavailable,Month
2025-09-18 11:16 UTC,,TUE,,Unavailable,Month
2025-09-18 11:16 UTC,,WED,,Unavailable,Month
2025-09-18 11:16 UTC,,THU,,Unavailable,Month
2025-09-18 11:16 UTC,,MON,,Unavailable,Month
2025-09-18 11:16 UTC,,TUE,,Closed,Month
2025-09-18 11:16 UTC,,WED,,Unavailable,Month
2025-09-18 11:16 UTC,,THU,,Unavailable,Month
2025-09-18 11:16 UTC,,MON,,Unavailable,Month
2025-09-18 11:16 UTC,,TUE,,Unavailable,Month
2025-09-18 11:16 UTC,,WED,,Unavailable,Month
2025-09-18 11:16 UTC,,THU,,Unavailable,Month
2025-09-18 11:16 UTC,,MON,,Unavailable,Month
2025-09-18 11:16 UTC,,TUE,,Unavailable,Month
2025-09-18 11:16 UTC,,WED,,Unavailable,Month
2025-09-18 11:16 UTC,,THU,,Unavailable,Month
2025-09-18 11:16 UTC,,MON,,Unavailable,Month
2025-09-18 11:16 UTC,,TUE,,Unavailable,Month
2025-09-18 11:16 UTC,,WED,,Unavailable,Month
2025-09-18 11:16 UTC,,THU,,Unavailable,Month
2025-09-18 11:16 UTC,,MON,,Unavailable,Month
2025-09-18 11:16 UTC,,TUE,,Closed,Month
2025-09-18 11:16 UTC,,WED,,Unavailable,Month
2025-09-18 11:16 UTC,,THU,,Unavailable,Month
2025-09-18 11:16 UTC,,MON,,Unavailable,Month
2025-09-18 11:16 UTC,,TUE,,Unavailable,Month
2025-09-18 11:16 UTC,,WED,,Unavailable,Month
2025-09-18 11:16 UTC,,THU,,Unavailable,Month
2025-09-18 11:16 UTC,,MON,,Unavailable,Month
2025-09-18 11:16 UTC,,TUE,,Unavailable,Month
2025-09-18 11:16 UTC,,WED,,Unavailable,Month
2025-09-18 11:16 UTC,,THU,,Unavailable,Month
2025-09-18 11:16 UTC,,MON,,Unavailable,Month
2025-09-18 11:16 UTC,,TUE,,Unavailable,Month
2025-09-18 11:16 UTC,,WED,,Unavailable,Month
2025-09-18 11:16 UTC,,THU,,Unavailable,Month
2025-09-18 11:16 UTC,,MON,,Unavailable,Month
2025-09-18 11:16 UTC,,TUE,,Unavailable,Month
2025-09-18 11:16 UTC,,WED,,Unavailable,Month
2025-09-18 11:16 UTC,,THU,,Unavailable,Month
2025-09-18 11:16 UTC,,MON,,Unavailable,Month
2025-09-18 11:16 UTC,,TUE,,Unavailable,Month
2025-09-18 11:16 UTC,,WED,,Unavailable,Month
2025-09-18 11:16 UTC,,THU,,Unavailable,Month
2025-09-18 11:16 UTC,,MON,,Unavailable,Month
2025-09-18 11:16 UTC,,TUE,,Unavailable,Month
2025-09-18 11:16 UTC,,WED,,Unavailable,Month
2025-09-18 11:16 UTC,,THU,,Unavailable,Month
2025-09-18 11:16 UTC,,MON,,Unavailable,Month
2025-09-18 11:16 UTC,,TUE,,Unavailable,Month
2025-09-18 11:16 UTC,,WED,,Unavailable,Month
2025-09-18 11:16 UTC,,THU,,Unavailable,Month
2025-09-18 11:16 UTC,,MON,,Unavailable,Month
2025-09-18 11:16 UTC,,TUE,,Unavailable,Month
2025-09-18 11:16 UTC,,WED,,Unavailable,Month
2025-09-18 11:16 UTC,,THU,,Closed,Month
2025-09-18 11:16 UTC,,MON,,Unavailable,Month
2025-09-18 11:16 UTC,,TUE,,Unavailable,Month
2025-09-18 11:16 UTC,,WED,,Closed,Month
2025-09-18 11:21 UTC,,MON,,Unavailable,Month
2025-09-18 11:21 UTC,,TUE,,Unavailable,Month
2025-09-18 11:21 UTC,,WED,,Unavailable,Month
2025-09-18 11:21 UTC,,THU,,Unavailable,Month
2025-09-18 11:21 UTC,,MON,,Unavailable,Month
2025-09-18 11:21 UTC,,TUE,,Unavailable,Month
2025-09-18 11:21 UTC,,WED,,Unavailable,Month
2025-09-18 11:21 UTC,,THU,,Unavailable,Month
2025-09-18 11:21 UTC,,MON,,Unavailable,Month
2025-09-18 11:21 UTC,,TUE,,Unavailable,Month
2025-09-18 11:21 UTC,,WED,,Unavailable,Month
2025-09-18 11:21 UTC,,THU,,Unavailable,Month
2025-09-18 11:21 UTC,,MON,,Unavailable,Month
2025-09-18 11:21 UTC,,TUE,,Unavailable,Month
2025-09-18 11:21 UTC,,WED,,Unavailable,Month
2025-09-18 11:21 UTC,,THU,,Unavailable,Month
2025-09-18 11:21 UTC,,MON,,Unavailable,Month
2025-09-18 11:21 UTC,,TUE,,Closed,Month
2025-09-18 11:21 UTC,,WED,,Unavailable,Month
2025-09-18 11:21 UTC,,THU,,Unavailable,Month
2025-09-18 11:21 UTC,,MON,,Unavailable,Month
2025-09-18 11:21 UTC,,TUE,,Unavailable,Month
2025-09-18 11:21 UTC,,WED,,Unavailable,Month
2025-09-18 11:21 UTC,,THU,,Unavailable,Month
2025-09-18 11:21 UTC,,MON,,Unavailable,Month
2025-09-18 11:21 UTC,,TUE,,Unavailable,Month
2025-09-18 11:21 UTC,,WED,,Unavailable,Month
2025-09-18 11:21 UTC,,THU,,Unavailable,Month
2025-09-18 11:21 UTC,,MON,,Unavailable,Month
2025-09-18 11:21 UTC,,TUE,,Unavailable,Month
2025-09-18 11:21 UTC,,WED,,Unavailable,Month
2025-09-18 11:21 UTC,,THU,,Unavailable,Month
2025-09-18 11:21 UTC,,MON,,Unavailable,Month
2025-09-18 11:21 UTC,,TUE,,Closed,Month
2025-09-18 11:21 UTC,,WED,,Unavailable,Month
2025-09-18 11:21 UTC,,THU,,Unavailable,Month
2025-09-18 11:21 UTC,,MON,,Unavailable,Month
2025-09-18 11:21 UTC,,TUE,,Unavailable,Month
2025-09-18 11:21 UTC,,WED,,Unavailable,Month
2025-09-18 11:21 UTC,,THU,,Unavailable,Month
2025-09-18 11:21 UTC,,MON,,Unavailable,Month
2025-09-18 11:21 UTC,,TUE,,Unavailable,Month
2025-09-18 11:21 UTC,,WED,,Unavailable,Month
2025-09-18 11:21 UTC,,THU,,Unavailable,Month
2025-09-18 11:21 UTC,,MON,,Unavailable,Month
2025-09-18 11:21 UTC,,TUE,,Unavailable,Month
2025-09-18 11:21 UTC,,WED,,Unavailable,Month
2025-09-18 11:21 UTC,,THU,,Unavailable,Month
2025-09-18 11:21 UTC,,MON,,Unavailable,Month
2025-09-18 11:21 UTC,,TUE,,Unavailable,Month
2025-09-18 11:21 UTC,,WED,,Unavailable,Month
2025-09-18 11:21 UTC,,THU,,Unavailable,Month
2025-09-18 11:21 UTC,,MON,,Unavailable,Month
2025-09-18 11:21 UTC,,TUE,,Unavailable,Month
2025-09-18 11:21 UTC,,WED,,Unavailable,Month
2025-09-18 11:21 UTC,,THU,,Unavailable,Month
2025-09-18 11:21 UTC,,MON,,Unavailable,Month
2025-09-18 11:21 UTC,,TUE,,Unavailable,Month
2025-09-18 11:21 UTC,,WED,,Unavailable,Month
2025-09-18 11:21 UTC,,THU,,Unavailable,Month
2025-09-18 11:21 UTC,,MON,,Unavailable,Month
2025-09-18 11:21 UTC,,TUE,,Unavailable,Month
2025-09-18 11:21 UTC,,WED,,Unavailable,Month
2025-09-18 11:21 UTC,,THU,,Unavailable,Month
2025-09-18 11:21 UTC,,MON,,Unavailable,Month
2025-09-18 11:21 UTC,,TUE,,Unavailable,Month
2025-09-18 11:21 UTC,,WED,,Unavailable,Month
2025-09-18 11:21 UTC,,THU,,Closed,Month
2025-09-18 11:21 UTC,,MON,,Unavailable,Month
2025-09-18 11:21 UTC,,TUE,,Unavailable,Month
2025-09-18 11:21 UTC,,WED,,Closed,Month
2025-09-18 11:38 UTC,1 September 2025,MON,-,Unavailable,Month
2025-09-18 11:38 UTC,2 September 2025,TUE,-,Unavailable,Month
2025-09-18 11:38 UTC,3 September 2025,WED,-,Unavailable,Month
2025-09-18 11:38 UTC,4 September 2025,THU,-,Unavailable,Month
2025-09-18 11:38 UTC,8 September 2025,MON,-,Unavailable,Month
2025-09-18 11:38 UTC,9 September 2025,TUE,-,Unavailable,Month
2025-09-18 11:38 UTC,10 September 2025,WED,-,Unavailable,Month
2025-09-18 11:38 UTC,11 September 2025,THU,-,Unavailable,Month
2025-09-18 11:38 UTC,15 September 2025,MON,-,Unavailable,Month
2025-09-18 11:38 UTC,16 September 2025,TUE,-,Unavailable,Month
2025-09-18 11:38 UTC,17 September 2025,WED,-,Unavailable,Month
2025-09-18 11:38 UTC,18 September 2025,THU,-,Unavailable,Month
2025-09-18 11:38 UTC,22 September 2025,MON,-,Unavailable,Month
2025-09-18 11:38 UTC,23 September 2025,TUE,-,Unavailable,Month
2025-09-18 11:38 UTC,24 September 2025,WED,-,Unavailable,Month
2025-09-18 11:38 UTC,25 September 2025,THU,-,Unavailable,Month
2025-09-18 11:38 UTC,29 September 2025,MON,-,Unavailable,Month
2025-09-18 11:38 UTC,30 September 2025,TUE,-,Closed,Month
2025-09-18 11:38 UTC,1 October 2025,WED,-,Unavailable,Month
2025-09-18 11:38 UTC,2 October 2025,THU,-,Unavailable,Month
2025-09-18 11:38 UTC,6 October 2025,MON,-,Unavailable,Month
2025-09-18 11:38 UTC,7 October 2025,TUE,-,Unavailable,Month
2025-09-18 11:38 UTC,8 October 2025,WED,-,Unavailable,Month
2025-09-18 11:38 UTC,9 October 2025,THU,-,Unavailable,Month
2025-09-18 11:38 UTC,13 October 2025,MON,-,Unavailable,Month
2025-09-18 11:38 UTC,14 October 2025,TUE,-,Unavailable,Month
2025-09-18 11:38 UTC,15 October 2025,WED,-,Unavailable,Month
2025-09-18 11:38 UTC,16 October 2025,THU,-,Unavailable,Month
2025-09-18 11:38 UTC,20 October 2025,MON,-,Unavailable,Month
2025-09-18 11:38 UTC,21 October 2025,TUE,-,Unavailable,Month
2025-09-18 11:38 UTC,22 October 2025,WED,-,Unavailable,Month
2025-09-18 11:38 UTC,23 October 2025,THU,-,Unavailable,Month
2025-09-18 11:38 UTC,27 October 2025,MON,-,Unavailable,Month
2025-09-18 11:38 UTC,28 October 2025,TUE,-,Closed,Month
2025-09-18 11:38 UTC,29 October 2025,WED,-,Unavailable,Month
2025-09-18 11:38 UTC,30 October 2025,THU,-,Unavailable,Month
2025-09-18 11:38 UTC,3 November 2025,MON,-,Unavailable,Month
2025-09-18 11:38 UTC,4 November 2025,TUE,-,Unavailable,Month
2025-09-18 11:38 UTC,5 November 2025,WED,-,Unavailable,Month
2025-09-18 11:38 UTC,6 November 2025,THU,-,Unavailable,Month
2025-09-18 11:38 UTC,10 November 2025,MON,-,Unavailable,Month
2025-09-18 11:38 UTC,11 November 2025,TUE,-,Unavailable,Month
2025-09-18 11:38 UTC,12 November 2025,WED,-,Unavailable,Month
2025-09-18 11:38 UTC,13 November 2025,THU,-,Unavailable,Month
2025-09-18 11:38 UTC,17 November 2025,MON,-,Unavailable,Month
2025-09-18 11:38 UTC,18 November 2025,TUE,-,Unavailable,Month
2025-09-18 11:38 UTC,19 November 2025,WED,-,Unavailable,Month
2025-09-18 11:38 UTC,20 November 2025,THU,-,Unavailable,Month
2025-09-18 11:38 UTC,24 November 2025,MON,-,Unavailable,Month
2025-09-18 11:38 UTC,25 November 2025,TUE,-,Unavailable,Month
2025-09-18 11:38 UTC,26 November 2025,WED,-,Unavailable,Month
2025-09-18 11:38 UTC,27 November 2025,THU,-,Unavailable,Month
2025-09-18 11:38 UTC,1 December 2025,MON,-,Unavailable,Month
2025-09-18 11:38 UTC,2 December 2025,TUE,-,Unavailable,Month
2025-09-18 11:38 UTC,3 December 2025,WED,-,Unavailable,Month
2025-09-18 11:38 UTC,4 December 2025,THU,-,Unavailable,Month
2025-09-18 11:38 UTC,8 December 2025,MON,-,Unavailable,Month
2025-09-18 11:38 UTC,9 December 2025,TUE,-,Unavailable,Month
2025-09-18 11:38 UTC,10 December 2025,WED,-,Unavailable,Month
2025-09-18 11:38 UTC,11 December 2025,THU,-,Unavailable,Month
2025-09-18 11:38 UTC,15 December 2025,MON,-,Unavailable,Month
2025-09-18 11:38 UTC,16 December 2025,TUE,-,Unavailable,Month
2025-09-18 11:38 UTC,17 December 2025,WED,-,Unavailable,Month
2025-09-18 11:38 UTC,18 December 2025,THU,-,Unavailable,Month
2025-09-18 11:38 UTC,22 December 2025,MON,-,Unavailable,Month
2025-09-18 11:38 UTC,23 December 2025,TUE,-,Unavailable,Month
2025-09-18 11:38 UTC,24 December 2025,WED,-,Unavailable,Month
2025-09-18 11:38 UTC,25 December 2025,THU,-,Closed,Month
2025-09-18 11:38 UTC,29 December 2025,MON,-,Unavailable,Month
2025-09-18 11:38 UTC,30 December 2025,TUE,-,Unavailable,Month
2025-09-18 11:38 UTC,31 December 2025,WED,-,Closed,Month
2025-09-18 11:38 UTC,1 January 2026,THU,-,Closed,Month
2025-09-18 11:38 UTC,5 January 2026,MON,-,Closed,Month
2025-09-18 11:38 UTC,6 January 2026,TUE,-,Closed,Month
2025-09-18 11:38 UTC,7 January 2026,WED,-,Closed,Month
2025-09-18 11:38 UTC,8 January 2026,THU,-,Closed,Month
2025-09-18 11:38 UTC,12 January 2026,MON,-,Closed,Month
2025-09-18 11:38 UTC,13 January 2026,TUE,-,Closed,Month
2025-09-18 11:38 UTC,14 January 2026,WED,-,Closed,Month
2025-09-18 11:38 UTC,15 January 2026,THU,-,Closed,Month
2025-09-18 11:38 UTC,19 January 2026,MON,-,Closed,Month
2025-09-18 11:38 UTC,20 January 2026,TUE,-,Closed,Month
2025-09-18 11:38 UTC,21 January 2026,WED,-,Closed,Month
2025-09-18 11:38 UTC,22 January 2026,THU,-,Closed,Month
2025-09-18 11:38 UTC,26 January 2026,MON,-,Closed,Month
2025-09-18 11:38 UTC,27 January 2026,TUE,-,Closed,Month
2025-09-18 11:38 UTC,28 January 2026,WED,-,Closed,Month
2025-09-18 11:38 UTC,29 January 2026,THU,-,Closed,Month
2025-09-18 14:22 UTC,1 September 2025,MON,-,Unavailable,Month
2025-09-18 14:22 UTC,2 September 2025,TUE,-,Unavailable,Month
2025-09-18 14:22 UTC,3 September 2025,WED,-,Unavailable,Month
2025-09-18 14:22 UTC,4 September 2025,THU,-,Unavailable,Month
2025-09-18 14:22 UTC,8 September 2025,MON,-,Unavailable,Month
2025-09-18 14:22 UTC,9 September 2025,TUE,-,Unavailable,Month
2025-09-18 14:22 UTC,10 September 2025,WED,-,Unavailable,Month
2025-09-18 14:22 UTC,11 September 2025,THU,-,Unavailable,Month
2025-09-18 14:22 UTC,15 September 2025,MON,-,Unavailable,Month
2025-09-18 14:22 UTC,16 September 2025,TUE,-,Unavailable,Month
2025-09-18 14:22 UTC,17 September 2025,WED,-,Unavailable,Month
2025-09-18 14:22 UTC,18 September 2025,THU,-,Unavailable,Month
2025-09-18 14:22 UTC,22 September 2025,MON,-,Unavailable,Month
2025-09-18 14:22 UTC,23 September 2025,TUE,-,Unavailable,Month
2025-09-18 14:22 UTC,24 September 2025,WED,-,Unavailable,Month
2025-09-18 14:22 UTC,25 September 2025,THU,-,Unavailable,Month
2025-09-18 14:22 UTC,29 September 2025,MON,-,Unavailable,Month
2025-09-18 14:22 UTC,30 September 2025,TUE,-,Closed,Month
2025-09-18 14:22 UTC,1 October 2025,WED,-,Unavailable,Month
2025-09-18 14:22 UTC,2 October 2025,THU,-,Unavailable,Month
2025-09-18 14:22 UTC,6 October 2025,MON,-,Unavailable,Month
2025-09-18 14:22 UTC,7 October 2025,TUE,-,Unavailable,Month
2025-09-18 14:22 UTC,8 October 2025,WED,-,Unavailable,Month
2025-09-18 14:22 UTC,9 October 2025,THU,-,Unavailable,Month
2025-09-18 14:22 UTC,13 October 2025,MON,-,Unavailable,Month
2025-09-18 14:22 UTC,14 October 2025,TUE,-,Unavailable,Month
2025-09-18 14:22 UTC,15 October 2025,WED,-,Unavailable,Month
2025-09-18 14:22 UTC,16 October 2025,THU,-,Unavailable,Month
2025-09-18 14:22 UTC,20 October 2025,MON,-,Unavailable,Month
2025-09-18 14:22 UTC,21 October 2025,TUE,-,Unavailable,Month
2025-09-18 14:22 UTC,22 October 2025,WED,-,Unavailable,Month
2025-09-18 14:22 UTC,23 October 2025,THU,-,Unavailable,Month
2025-09-18 14:22 UTC,27 October 2025,MON,-,Unavailable,Month
2025-09-18 14:22 UTC,28 October 2025,TUE,-,Closed,Month
2025-09-18 14:22 UTC,29 October 2025,WED,-,Unavailable,Month
2025-09-18 14:22 UTC,30 October 2025,THU,-,Unavailable,Month
2025-09-18 14:22 UTC,3 November 2025,MON,-,Unavailable,Month
2025-09-18 14:22 UTC,4 November 2025,TUE,-,Unavailable,Month
2025-09-18 14:22 UTC,5 November 2025,WED,-,Unavailable,Month
2025-09-18 14:22 UTC,6 November 2025,THU,-,Unavailable,Month
2025-09-18 14:22 UTC,10 November 2025,MON,-,Unavailable,Month
2025-09-18 14:22 UTC,11 November 2025,TUE,-,Unavailable,Month
2025-09-18 14:22 UTC,12 November 2025,WED,-,Unavailable,Month
2025-09-18 14:22 UTC,13 November 2025,THU,-,Unavailable,Month
2025-09-18 14:22 UTC,17 November 2025,MON,-,Unavailable,Month
2025-09-18 14:22 UTC,18 November 2025,TUE,-,Unavailable,Month
2025-09-18 14:22 UTC,19 November 2025,WED,-,Unavailable,Month
2025-09-18 14:22 UTC,20 November 2025,THU,-,Unavailable,Month
2025-09-18 14:22 UTC,24 November 2025,MON,-,Unavailable,Month
2025-09-18 14:22 UTC,25 November 2025,TUE,-,Unavailable,Month
2025-09-18 14:22 UTC,26 November 2025,WED,-,Unavailable,Month
2025-09-18 14:22 UTC,27 November 2025,THU,-,Unavailable,Month
2025-09-18 14:22 UTC,1 December 2025,MON,-,Unavailable,Month
2025-09-18 14:22 UTC,2 December 2025,TUE,-,Unavailable,Month
2025-09-18 14:22 UTC,3 December 2025,WED,-,Unavailable,Month
2025-09-18 14:22 UTC,4 December 2025,THU,-,Unavailable,Month
2025-09-18 14:22 UTC,8 December 2025,MON,-,Unavailable,Month
2025-09-18 14:22 UTC,9 December 2025,TUE,-,Unavailable,Month
2025-09-18 14:22 UTC,10 December 2025,WED,-,Unavailable,Month
2025-09-18 14:22 UTC,11 December 2025,THU,-,Unavailable,Month
2025-09-18 14:22 UTC,15 December 2025,MON,-,Unavailable,Month
2025-09-18 14:22 UTC,16 December 2025,TUE,-,Unavailable,Month
2025-09-18 14:22 UTC,17 December 2025,WED,-,Unavailable,Month
2025-09-18 14:22 UTC,18 December 2025,THU,-,Unavailable,Month
2025-09-18 14:22 UTC,22 December 2025,MON,-,Unavailable,Month
2025-09-18 14:22 UTC,23 December 2025,TUE,-,Unavailable,Month
2025-09-18 14:22 UTC,24 December 2025,WED,-,Unavailable,Month
2025-09-18 14:22 UTC,25 December 2025,THU,-,Closed,Month
2025-09-18 14:22 UTC,29 December 2025,MON,-,Unavailable,Month
2025-09-18 14:22 UTC,30 December 2025,TUE,-,Unavailable,Month
2025-09-18 14:22 UTC,31 December 2025,WED,-,Closed,Month
2025-09-18 14:22 UTC,1 January 2026,THU,-,Closed,Month
2025-09-18 14:22 UTC,5 January 2026,MON,-,Closed,Month
2025-09-18 14:22 UTC,6 January 2026,TUE,-,Closed,Month
2025-09-18 14:22 UTC,7 January 2026,WED,-,Closed,Month
2025-09-18 14:22 UTC,8 January 2026,THU,-,Closed,Month
2025-09-18 14:22 UTC,12 January 2026,MON,-,Closed,Month
2025-09-18 14:22 UTC,13 January 2026,TUE,-,Closed,Month
2025-09-18 14:22 UTC,14 January 2026,WED,-,Closed,Month
2025-09-18 14:22 UTC,15 January 2026,THU,-,Closed,Month
2025-09-18 14:22 UTC,19 January 2026,MON,-,Closed,Month
2025-09-18 14:22 UTC,20 January 2026,TUE,-,Closed,Month
2025-09-18 14:22 UTC,21 January 2026,WED,-,Closed,Month
2025-09-18 14:22 UTC,22 January 2026,THU,-,Closed,Month
2025-09-18 14:22 UTC,26 January 2026,MON,-,Closed,Month
2025-09-18 14:22 UTC,27 January 2026,TUE,-,Closed,Month
2025-09-18 14:22 UTC,28 January 2026,WED,-,Closed,Month
2025-09-18 14:22 UTC,29 January 2026,THU,-,Closed,Month
2025-09-18 15:16 UTC,1 September 2025,MON,-,Unavailable,Month
2025-09-18 15:16 UTC,2 September 2025,TUE,-,Unavailable,Month
2025-09-18 15:16 UTC,3 September 2025,WED,-,Unavailable,Month
2025-09-18 15:16 UTC,4 September 2025,THU,-,Unavailable,Month
2025-09-18 15:16 UTC,8 September 2025,MON,-,Unavailable,Month
2025-09-18 15:16 UTC,9 September 2025,TUE,-,Unavailable,Month
2025-09-18 15:16 UTC,10 September 2025,WED,-,Unavailable,Month
2025-09-18 15:16 UTC,11 September 2025,THU,-,Unavailable,Month
2025-09-18 15:16 UTC,15 September 2025,MON,-,Unavailable,Month
2025-09-18 15:16 UTC,16 September 2025,TUE,-,Unavailable,Month
2025-09-18 15:16 UTC,17 September 2025,WED,-,Unavailable,Month
2025-09-18 15:16 UTC,18 September 2025,THU,-,Unavailable,Month
2025-09-18 15:16 UTC,22 September 2025,MON,-,Unavailable,Month
2025-09-18 15:16 UTC,23 September 2025,TUE,-,Unavailable,Month
2025-09-18 15:16 UTC,24 September 2025,WED,-,Unavailable,Month
2025-09-18 15:16 UTC,25 September 2025,THU,-,Unavailable,Month
2025-09-18 15:16 UTC,29 September 2025,MON,-,Unavailable,Month
2025-09-18 15:16 UTC,30 September 2025,TUE,-,Closed,Month
2025-09-18 15:16 UTC,1 October 2025,WED,-,Unavailable,Month
2025-09-18 15:16 UTC,2 October 2025,THU,-,Unavailable,Month
2025-09-18 15:16 UTC,6 October 2025,MON,-,Unavailable,Month
2025-09-18 15:16 UTC,7 October 2025,TUE,-,Unavailable,Month
2025-09-18 15:16 UTC,8 October 2025,WED,-,Unavailable,Month
2025-09-18 15:16 UTC,9 October 2025,THU,-,Unavailable,Month
2025-09-18 15:16 UTC,13 October 2025,MON,-,Unavailable,Month
2025-09-18 15:16 UTC,14 October 2025,TUE,-,Unavailable,Month
2025-09-18 15:16 UTC,15 October 2025,WED,-,Unavailable,Month
2025-09-18 15:16 UTC,16 October 2025,THU,-,Unavailable,Month
2025-09-18 15:16 UTC,20 October 2025,MON,-,Unavailable,Month
2025-09-18 15:16 UTC,21 October 2025,TUE,-,Unavailable,Month
2025-09-18 15:16 UTC,22 October 2025,WED,-,Unavailable,Month
2025-09-18 15:16 UTC,23 October 2025,THU,-,Unavailable,Month
2025-09-18 15:16 UTC,27 October 2025,MON,-,Unavailable,Month
2025-09-18 15:16 UTC,28 October 2025,TUE,-,Closed,Month
2025-09-18 15:16 UTC,29 October 2025,WED,-,Unavailable,Month
2025-09-18 15:16 UTC,30 October 2025,THU,-,Unavailable,Month
2025-09-18 15:16 UTC,3 November 2025,MON,-,Unavailable,Month
2025-09-18 15:16 UTC,4 November 2025,TUE,-,Unavailable,Month
2025-09-18 15:16 UTC,5 November 2025,WED,-,Unavailable,Month
2025-09-18 15:16 UTC,6 November 2025,THU,-,Unavailable,Month
2025-09-18 15:16 UTC,10 November 2025,MON,-,Unavailable,Month
2025-09-18 15:16 UTC,11 November 2025,TUE,-,Unavailable,Month
2025-09-18 15:16 UTC,12 November 2025,WED,-,Unavailable,Month
2025-09-18 15:16 UTC,13 November 2025,THU,-,Unavailable,Month
2025-09-18 15:16 UTC,17 November 2025,MON,-,Unavailable,Month
2025-09-18 15:16 UTC,18 November 2025,TUE,-,Unavailable,Month
2025-09-18 15:16 UTC,19 November 2025,WED,-,Unavailable,Month
2025-09-18 15:16 UTC,20 November 2025,THU,-,Unavailable,Month
2025-09-18 15:16 UTC,24 November 2025,MON,-,Unavailable,Month
2025-09-18 15:16 UTC,25 November 2025,TUE,-,Unavailable,Month
2025-09-18 15:16 UTC,26 November 2025,WED,-,Unavailable,Month
2025-09-18 15:16 UTC,27 November 2025,THU,-,Unavailable,Month
2025-09-18 15:16 UTC,1 December 2025,MON,-,Unavailable,Month
2025-09-18 15:16 UTC,2 December 2025,TUE,-,Unavailable,Month
2025-09-18 15:16 UTC,3 December 2025,WED,-,Unavailable,Month
2025-09-18 15:16 UTC,4 December 2025,THU,-,Unavailable,Month
2025-09-18 15:16 UTC,8 December 2025,MON,-,Unavailable,Month
2025-09-18 15:16 UTC,9 December 2025,TUE,-,Unavailable,Month
2025-09-18 15:16 UTC,10 December 2025,WED,-,Unavailable,Month
2025-09-18 15:16 UTC,11 December 2025,THU,-,Unavailable,Month
2025-09-18 15:16 UTC,15 December 2025,MON,-,Unavailable,Month
2025-09-18 15:16 UTC,16 December 2025,TUE,-,Unavailable,Month
2025-09-18 15:16 UTC,17 December 2025,WED,-,Unavailable,Month
2025-09-18 15:16 UTC,18 December 2025,THU,-,Unavailable,Month
2025-09-18 15:16 UTC,22 December 2025,MON,-,Unavailable,Month
2025-09-18 15:16 UTC,23 December 2025,TUE,-,Unavailable,Month
2025-09-18 15:16 UTC,24 December 2025,WED,-,Unavailable,Month
2025-09-18 15:16 UTC,25 December 2025,THU,-,Closed,Month
2025-09-18 15:16 UTC,29 December 2025,MON,-,Unavailable,Month
2025-09-18 15:16 UTC,30 December 2025,TUE,-,Unavailable,Month
2025-09-18 15:16 UTC,31 December 2025,WED,-,Closed,Month
2025-09-18 15:16 UTC,1 January 2026,THU,-,Closed,Month
2025-09-18 15:16 UTC,5 January 2026,MON,-,Closed,Month
2025-09-18 15:16 UTC,6 January 2026,TUE,-,Closed,Month
2025-09-18 15:16 UTC,7 January 2026,WED,-,Closed,Month
2025-09-18 15:16 UTC,8 January 2026,THU,-,Closed,Month
2025-09-18 15:16 UTC,12 January 2026,MON,-,Closed,Month
2025-09-18 15:16 UTC,13 January 2026,TUE,-,Closed,Month
2025-09-18 15:16 UTC,14 January 2026,WED,-,Closed,Month
2025-09-18 15:16 UTC,15 January 2026,THU,-,Closed,Month
2025-09-18 15:16 UTC,19 January 2026,MON,-,Closed,Month
2025-09-18 15:16 UTC,20 January 2026,TUE,-,Closed,Month
2025-09-18 15:16 UTC,21 January 2026,WED,-,Closed,Month
2025-09-18 15:16 UTC,22 January 2026,THU,-,Closed,Month
2025-09-18 15:16 UTC,26 January 2026,MON,-,Closed,Month
2025-09-18 15:16 UTC,27 January 2026,TUE,-,Closed,Month
2025-09-18 15:16 UTC,28 January 2026,WED,-,Closed,Month
2025-09-18 15:16 UTC,29 January 2026,THU,-,Closed,Month
